ctryear,wy,zigdp_pc
2020.1950,-0.513165256796193,-0.153232545433304
2020.1950,-0.499137876049453,-0.15095490658914
2020.1950,-0.484958452434071,-0.224978169024441
2020.1950,-0.470622367358972,-0.100277442306512
2020.1950,-0.464864043660317,-0.01002600310655
2020.1950,-0.4302506969056,0.120653525577307
2020.1950,-0.404008455036709,0.138589931475091
2020.1950,-0.377379665189334,0.111827675056175
2020.1950,-0.350344187437367,0.201509704545096
2020.1950,-0.322880482275262,0.220584929864962
2020.1950,-0.294965044573938,0.276387081546957
2020.1950,-0.266571693531331,0.241937794028991
2020.1950,-0.237672499819485,0.313683417620128
2020.1950,-0.208236456620481,0.264998887326142
2020.1950,-0.075395315227379,0.0403667563205582
2020.1950,-0.167062277166708,0.0141739096126828
2020.1950,-0.155820179799077,-0.0552940751342912
2020.1950,-0.144501313270223,-0.191952405784076
2020.1950,-0.133105667418233,0.0158821387458051
2020.1950,-0.121630115506368,0.0426443951647213
2020.1950,-0.110072901913916,0.118091181877623
2020.1950,-0.0984325286667919,0.117237067311062
2020.1950,-0.0867063923996316,0.192114444312923
2020.1950,-0.0748929165781038,0.310836369064924
2020.1950,-0.062989670435526,0.38229728780054
2020.1950,-0.0509940121859397,0.320516334152617
2020.1950,-0.0389032771489586,0.354396211959543
2020.1950,-0.0267154157540521,0.428134769539322
2020.1950,-0.0144277622879029,0.489346313476205
2020.1950,-0.00203754445511611,0.523795600994172
2020.1950,0.0104583170527315,0.393400777165835
2020.1950,0.0223182282679764,0.22656373183089
2020.1950,0.0342772745516518,0.140298160608213
2020.1950,0.0463373820825731,0.185281527780434
2020.1950,0.0585027202877047,0.286921161201211
2020.1950,0.0707753907192261,0.334466872073116
2020.1950,0.0831577536945516,0.317384580741893
2020.1950,0.0956556074786895,0.413899526763303
2020.1950,0.108269924802932,0.389984318899591
2020.1950,0.121005656139349,0.424433606417557
2020.1950,0.133866894009051,0.430412408383486
2020.1950,0.146856552605984,0.495325115442133
2020.1950,0.159980088590125,0.486214560065481
2020.1950,0.173240830493427,0.439807668615658
2020.1950,0.150825962564133,0.620025842160062
2020.1950,0.169326246365457,0.518670913594805
2020.1950,0.208833812121416,0.659030407366355
2020.1950,0.247827575196459,0.851490889698135
2020.1950,0.255980819742507,0.925514152133435
2020.1950,0.285464703971373,0.832415664378269
2020.1950-1969,0.376505633890824,0.805083998248312
2020.1950-1969,0.38931234716287,0.844088563454605
2020.1950-1969,0.414280178902465,0.682660910374547
2020.1950-1969,0.409861484531125,0.753837124254643
2020.1950-1969,0.438452529311549,0.801952244837588
2020.1950-1969,0.4264667075876,0.918681235600946
2020.1950-1969,0.458118791295551,0.940318804620495
2020.1950-1969,0.44639423546203,1.02032086902172
2020.1950-1969,0.486454580993226,1.12793930440843
2020.1950-1969,0.481625928926083,0.920389464734068
2020.1950-1969,0.510430462803951,1.0647348264829
2020.1950-1969,0.515389848998963,1.20224727169925
2020.1950-1969,0.519194809832676,1.11825933932074
2020.1950-1969,0.522333162574016,1.01747382046652
2020.1950-1969,0.525338947449495,1.23128716696233
2020.1950-1969,0.530869237356557,1.43314290952628
2020.1950-1969,0.533471972080133,1.41065122594017
2020.1950-1969,0.549337593726851,1.4459546280247
2020.1950-1969,0.54026006844283,1.52709551184801
2020.1950-1969,0.533424194285708,1.73549946608893
2020.1970-1989,0.553400043255519,1.85564491511853
2020.1970-1989,0.552534822448741,1.95927748252795
2020.1970-1989,0.590192192040414,2.00682319339986
2020.1970-1989,0.575805242985722,2.15515442312598
2020.1970-1989,0.615082784598175,2.32398440244957
2020.1970-1989,0.627532364247541,2.22775416128368
2020.1970-1989,0.640074964891463,2.15657794740358
2020.1970-1989,0.652914856749563,2.31031856938459
2020.1970-1989,0.666131988715476,2.08483232381244
2020.1970-1989,0.679562049114868,2.2755845770111
2020.1970-1989,0.669759291921355,2.26590461192341
2020.1970-1989,0.705407146804143,1.99401147490144
2020.1970-1989,0.717047352306682,1.83030618297722
2020.1970-1989,0.727617892552929,1.8943647754693
2020.1970-1989,0.693849142199329,1.91201647651157
2020.1970-1989,0.745676375027517,1.64382450261137
2020.1970-1989,0.750920186369106,1.820341513034
2020.1970-1989,0.76219892495431,1.85393668598541
2020.1970-1989,0.771064826987198,1.74318649718798
2020.1970-1989,0.780628707344445,1.50090266514013
2020.1990,0.772366930548778,1.4613286902228
2020.1990,0.801718720729068,1.73749240007757
2020.1990,0.812772834346765,2.03443956438533
2020.1990,0.823689685668821,2.22234476902879
2020.1990,0.828998367129067,2.40569469598392
2020.1990,0.850667576610707,2.26761284105653
2020.1990,0.832977207056138,2.44669219517885
2020.1990,0.865400537346837,2.7336746895434
2020.1990,0.841254277638022,2.86549303764934
2020.1990,0.885859676790536,2.69239248549294
2020.1990,0.881772694396171,2.63288917068918
2020.1990,0.922851125208049,2.42875578928107
2020.1990,0.917068472136985,1.98547032923583
2020.1990,0.892175137362201,2.26846695562309
2020.1990,0.927755230839626,2.57993406756239
2020.1990,0.853513309027868,2.91047640482156
2020.1990,0.962274126815603,3.23674816924792
2020.1990,0.936301726560771,3.6359043766875
2020.1990,0.981595131238877,3.8146990259543
2020.1990,0.992942995593872,3.47561554302952
2060.1950,-0.775715506855284,-1.04179639951242
2060.1950,-0.771970685424208,-1.02727645188089
2060.1950,-0.768216780816258,-1.04179639951242
2060.1950,-0.76445440604896,-1.04293521893451
2060.1950,-0.760682874560981,-1.04236580922347
2060.1950,-0.756902191367338,-1.02813056644745
2060.1950,-0.753112723817834,-1.01332591396039
2060.1950,-0.74931371025668,-1.01161768482726
2060.1950,-0.745505638842217,-0.997951851762286
2060.1950,-0.741688112543637,-0.987987181819072
2060.1950,-0.737861456661516,-0.970050775921288
2060.1950,-0.734025076229082,-0.961509630255676
2060.1950,-0.730179216725293,-0.9492673214683
2060.1950,-0.72632388303223,-0.927914457304271
2060.1950,-0.722459198662806,-0.954392008867667
2060.1950,-0.718584336162023,-0.946135568057576
2060.1950,-0.714699856578004,-0.93446266898124
2060.1950,-0.710805291450742,-0.900867496029834
2060.1950,-0.706901041110477,-0.898589857185671
2060.1950,-0.702986324664866,-0.901152200885355
2060.1950,-0.699061855924553,-0.907985117417844
2060.1950,-0.695127052333884,-0.931615620426036
2060.1950,-0.691182311238608,-0.888055777531417
2060.1950,-0.687226624334358,-0.886347548398295
2060.1950,-0.683261012266575,-0.866702913367388
2060.1950,-0.65361130640364,-0.847627688047522
2060.1950,-0.672130702614657,-0.843926524925757
2060.1950,-0.664957511024915,-0.806345483997067
2060.1950,-0.657764190736807,-0.787270258677201
2060.1950,-0.650550769869899,-0.767340918790774
2060.1950,-0.643317157490137,-0.80862312284123
2060.1950,-0.636062955538865,-0.877236993021642
2060.1950,-0.628787615396048,-0.923074474760424
2060.1950,-0.621491346012183,-0.901721610596395
2060.1950,-0.614173859780345,-0.86043940654594
2060.1950,-0.606834755587806,-0.839371247237431
2060.1950,-0.599474043601565,-0.823143070472769
2060.1950,-0.59209090943747,-0.780152637289191
2060.1950,-0.584685509109211,-0.765917394513172
2060.1950,-0.577257473179382,-0.74968921774851
2060.1950,-0.569806652629275,-0.698727048610361
2060.1950,-0.562332674045476,-0.654313091149181
2060.1950,-0.554835162858853,-0.643779011494927
2060.1950,-0.54731374315272,-0.626127310452663
2060.1950,-0.539768401520796,-0.635807275540356
2060.1950,-0.532198973081998,-0.613600296809766
2060.1950,-0.524604347733865,-0.634953160973795
2060.1950,-0.516984864934344,-0.661715417392711
2060.1950,-0.509340493340821,-0.607621494843838
2060.1950,-0.501670047672079,-0.580289828713881
2060.1950-1969,-0.649626411493215,-0.600788578311349
2060.1950-1969,-0.484420803788408,-0.544417016918312
2060.1950-1969,-0.357921729545355,-0.536445280963742
2060.1950-1969,-0.46515897634321,-0.641216667795243
2060.1950-1969,-0.455448005594927,-0.641501372650764
2060.1950-1969,-0.445681630985013,-0.617016755076011
2060.1950-1969,-0.435859969534006,-0.683922396123301
2060.1950-1969,-0.425980811628052,-0.725489305029277
2060.1950-1969,-0.416043341689278,-0.724635190462716
2060.1950-1969,-0.406046797482653,-0.743141006071541
2060.1950-1969,-0.310540238349219,-0.729190468151042
2060.1950-1969,-0.298918338592938,-0.730613992428644
2060.1950-1969,-0.304355053606745,-0.707552899131493
2060.1950-1969,-0.292927347824916,-0.677374184446332
2060.1950-1969,-0.314934129688514,-0.658298959126466
2060.1950-1969,-0.223973719792094,-0.63836961924004
2060.1950-1969,-0.236172530906616,-0.599934463744788
2060.1950-1969,-0.215512590862263,-0.567762815070984
2060.1950-1969,-0.251878395031641,-0.514523007088672
2060.1950-1969,-0.194763290134946,-0.496017191479847
2060.1970-1989,-0.292830848021675,-0.470393754483012
2060.1970-1989,-0.282272137655837,-0.457866740840115
2060.1970-1989,-0.142480070710491,-0.432528008698801
2060.1970-1989,-0.134999646889734,-0.388398756093142
2060.1970-1989,-0.119260503826013,-0.360782385107664
2060.1970-1989,-0.101665630612898,-0.316368427646484
2060.1970-1989,-0.086743755553376,-0.256865112842724
2060.1970-1989,-0.0699616523574486,-0.236935772956297
2060.1970-1989,-0.0528773659925162,-0.225832283591002
2060.1970-1989,-0.0354701343293173,-0.254587473998561
2060.1970-1989,-0.0164017928850958,-0.29074499064965
2060.1970-1989,-0.148474250942111,-0.302133184870465
2060.1970-1989,-0.131984626996845,-0.371601169617439
2060.1970-1989,-0.0164017284701303,-0.437367991242648
2060.1970-1989,-0.0985226040907272,-0.444200907775137
2060.1970-1989,-0.0771938067642199,-0.46840082049437
2060.1970-1989,-0.0554852010662487,-0.516800645932835
2060.1970-1989,0.115743357704865,-0.509967729400346
2060.1970-1989,-0.0108480284997075,-0.494024257491204
2060.1970-1989,0.15679982278073,-0.487760750669756
2060.1990,0.178752944677947,-0.46099849425084
2060.1990,0.199282957492899,-0.430250369854638
2060.1990,0.231951168188839,-0.435375057254005
2060.1990,0.138952976396648,-0.413168078523415
2060.1990,0.19769245145277,-0.386121117248978
2060.1990,0.28862126776107,-0.35765063169694
2060.1990,0.329483999284903,-0.330888375278024
2060.1990,0.346244702810825,-0.296439087760057
2060.1990,0.357869340645421,-0.260566275964489
2060.1990,0.380948207922616,-0.277648567295712
2060.1990,0.403813371459625,-0.269676831341141
2060.1990,0.483621767962867,-0.263982734230733
2060.1990,0.505094217780993,-0.253733359431999
2060.1990,0.492058489257101,-0.224978169024441
2060.1990,0.513570241007344,-0.192521815495117
2060.1990,0.535216544159327,-0.153517250288824
2060.1990,0.521498227894499,-0.116220914215654
2060.1990,0.624084546870434,-0.0561481897008523
2060.1990,0.602172028526609,-0.0313788672705788
2070.1950,-0.499459121508107,-1.20920285455841
2070.1950,-0.488911366419231,-1.19041233409407
2070.1950,-0.478320135011173,-1.19582172634895
2070.1950,-0.467684337776827,-1.19610643120447
2070.1950,-0.457003156618102,-1.19667584091551
2070.1950,-0.446275827568766,-1.19468290692687
2070.1950,-0.435501428624413,-1.17532297675149
2070.1950,-0.424678742039261,-1.18130177871741
2070.1950,-0.413806605460212,-1.18898880981646
2070.1950,-0.402885223390939,-1.17361474761836
2070.1950,-0.542738738372008,-1.17617709131805
2070.1950,-0.391488201954204,-1.15169247374329
2070.1950,-0.391063422631484,-1.16137243883099
2070.1950,-0.390637943938648,-1.16023361940891
2070.1950,-0.390212248266764,-1.17219122334076
2070.1950,-0.389785509238352,-1.16535830680827
2070.1950,-0.389358691267175,-1.16308066796411
2070.1950,-0.388931036995701,-1.14884542518809
2070.1950,-0.388502615564963,-1.16165714368651
2070.1950,-0.388074253214427,-1.1294854950127
2070.1950,-0.494680717554559,-1.10443146772691
2070.1950,-0.387214746575738,-1.10443146772691
2070.1950,-0.386784015776894,-1.08763388125121
2070.1950,-0.386352794139915,-1.07453745789727
2070.1950,-0.385921288171299,-1.08222448899632
2070.1950,-0.385488741433516,-1.08848799581777
2070.1950,-0.385055291839976,-1.08820329096225
2070.1950,-0.384622177299641,-1.06912806564238
2070.1950,-0.384187885236785,-1.03325525384681
2070.1950,-0.383753034712394,-1.04094228494586
2070.1950,-0.564238985308019,-1.07368334333071
2070.1950,-0.372029405375483,-1.08962681523985
2070.1950,-0.360614183976467,-1.08450212784048
2070.1950,-0.349067505084665,-1.06314926367645
2070.1950,-0.337386056330144,-1.03923405581274
2070.1950,-0.325565887728175,-1.03610230240202
2070.1950,-0.313602684999925,-1.0050694731503
2070.1950,-0.301492237969093,-0.999660080895408
2070.1950,-0.289229694951388,-0.990264820663235
2070.1950,-0.276810564493599,-0.994820098351561
2070.1950,-0.339623977176668,-0.999660080895408
2070.1950,-0.25148151182721,-0.97887662644242
2070.1950,-0.238561190663424,-1.00706240713894
2070.1950,-0.225462008003631,-0.956100238000789
2070.1950,-0.212177879430828,-0.949836731179341
2070.1950,-0.330738356100801,-0.947843797190698
2070.1950,-0.186587382804093,-0.907415707706803
2070.1950,-0.174385020440246,-0.901152200885355
2070.1950,-0.162093813653705,-0.861293521112501
2070.1950,-0.149710859537143,-0.830545396716299
2070.1950-1969,-0.242727870936371,-0.821434841339647
2070.1950-1969,-0.124660973990728,-0.80919253255227
2070.1950-1969,-0.111988748085949,-0.781291456711273
2070.1950-1969,-0.099215019669121,-0.769618557634937
2070.1950-1969,-0.0863365163535118,-0.737446908961133
2070.1950-1969,-0.0733506356406278,-0.696449409766198
2070.1950-1969,-0.0634175850889819,-0.697303524332759
2070.1950-1969,0.0880566540926894,-0.662854236814793
2070.1950-1969,-0.0433717857669162,-0.602496807444471
2070.1950-1969,-0.0332558396355374,-0.546694655762476
2070.1950-1969,0.110899285253907,-0.49060779922496
2070.1950-1969,-0.0128316896307502,-0.437367991242648
2070.1950-1969,0.153397079113527,-0.401495179447079
2070.1950-1969,0.161881878689885,-0.426549206732873
2070.1950-1969,0.178976203566348,-0.422563338755588
2070.1950-1969,0.19595569520799,-0.428257435865995
2070.1950-1969,0.0384258879612974,-0.391245804648345
2070.1950-1969,0.048082321306955,-0.377579971583367
2070.1950-1969,0.0578011571258621,-0.304980233425669
2070.1950-1969,0.0675838479341303,-0.230102856423808
2070.1970-1989,0.0774321551798801,-0.138427892946244
2070.1970-1989,0.0873469244980585,-0.0276777041488138
2070.1970-1989,0.0973313850261363,0.102147709968482
2070.1970-1989,0.10738539771842,0.274678852413835
2070.1970-1989,0.117511797190664,0.368631454735562
2070.1970-1989,0.127711995295123,0.415892460751946
2070.1970-1989,0.154795330255982,0.557390773945577
2070.1970-1989,0.182600557415711,0.605505894528522
2070.1970-1989,0.385942434850297,0.65589865395563
2070.1970-1989,0.240615492452657,0.74444186402247
2070.1970-1989,0.270964987294779,0.890495454904428
2070.1970-1989,0.424784936215815,0.73675483292342
2070.1970-1989,0.446997139842759,0.702020840549933
2070.1970-1989,0.451689405883141,0.592694176030105
2070.1970-1989,0.465593586354746,0.659599817077395
2070.1970-1989,0.451712409232031,0.780314675818039
2070.1970-1989,0.462312119871769,0.89960601028108
2070.1970-1989,0.491149926134394,0.934055297799046
2070.1970-1989,0.491651158026797,0.88508606264954
2070.1970-1989,0.516428015674979,0.91441066276814
2070.1990,0.556894006787903,0.774620578707631
2070.1990,0.559726423715752,0.787717002061569
2070.1990,0.589815656443646,0.76636413789754
2070.1990,0.606530809300035,0.866864951896236
2070.1990,0.623353303653649,0.994982136880409
2070.1990,0.623589889597964,1.09064296833526
2070.1990,0.595055862645335,1.13989690834028
2070.1990,0.688773404754676,1.22103779216359
2070.1990,0.689207365335864,1.22360013586328
2070.1990,0.705267829618646,1.23014834754025
2070.1990,0.669447214852505,1.34175265090424
2070.1990,0.732696954661417,1.37563252871116
2070.1990,0.754596913618063,1.45876634652312
2070.1990,0.769294369192587,1.49008388063036
2070.1990,0.708758175302859,1.65948326966499
2070.1990,0.773489558810259,1.76083819823024
2070.1990,0.746670009570523,1.89208713662514
2070.1990,0.855925356370957,2.10077579572158
2070.1990,0.865569256245452,2.28981981978712
2070.1990,0.884269237090233,2.29465980233097
2120.1950,-0.709462839094786,-0.494024257491204
2120.1950,-0.698778209590027,-0.485483111825593
2120.1950,-0.691682688362347,-0.43195859898776
2120.1950,-0.684546204641321,-0.495447781768806
2120.1950,-0.677367743567231,-0.419716290200384
2120.1950,-0.754274973107844,-0.470109049627492
2120.1950,-0.662883037982297,-0.413737488234456
2120.1950,-0.655575490589037,-0.373309398750561
2120.1950,-0.654513052380542,-0.31352137909128
2120.1950,-0.653448320964974,-0.307257872269832
2120.1950,-0.652380916583009,-0.181133621274301
2120.1950,-0.651310919527791,-0.182272440696383
2120.1950,-0.650238562943562,-0.0897433626522578
2120.1950,-0.54142388934102,-0.0812022169866462
2120.1950,-0.640436744986953,-0.299001431459741
2120.1950,-0.631686775068098,-0.372455284184
2120.1950,-0.622912845372068,-0.148392562889457
2120.1950,-0.614115035202307,-0.142413760923529
2120.1950,-0.605292963330044,-0.147823153178416
2120.1950,-0.596446170010251,-0.361067089963185
2120.1950,-0.660624991108664,-0.248608672032633
2120.1950,-0.772204825994874,-0.396939901758753
2120.1950,-0.590430196444959,-0.37217057932848
2120.1950,-0.7403211051652,-0.17287718046421
2120.1950,-0.650123271249436,-0.0974303937513081
2120.1950,-0.417557223943454,-0.0621269916667804
2120.1950,-0.586951427284769,-0.119352667626378
2120.1950,-0.572291014922001,-0.164336034798599
2120.1950,-0.561004725308885,0.138874636330611
2120.1950,-0.563819009384978,0.158803976217038
2120.1950,-0.47374725952915,-0.0698140227658308
2120.1950,-0.468333037528677,-0.346547142331645
2120.1950,-0.514939725563813,-0.618155574498092
2120.1950,-0.503148656818511,-0.427972731010475
2120.1950,-0.531618890925015,-0.242629870066704
2120.1950,-0.639634766164625,-0.173731295030771
2120.1950,-0.473457120916174,-0.152947840577783
2120.1950,-0.44988959023714,-0.0108801176731111
2120.1950,-0.456093282213099,-0.0145812807948761
2120.1950,-0.443039750270508,-0.00433190599614227
2120.1950,-0.283133752733937,0.0158821387458051
2120.1950,-0.329843936006051,-0.00860247882894804
2120.1950,-0.357358548225532,0.0113268610574789
2120.1950,-0.333169371765235,0.0249926941224574
2120.1950,-0.30861522632362,0.0249926941224574
2120.1950,-0.286840744163377,0.12293116442147
2120.1950,-0.0892360387438948,0.22684843668641
2120.1950,-0.176050703462259,0.0187291873010089
2120.1950,-0.177376773822834,0.232827238652338
2120.1950,-0.168146838917017,0.16762982673817
2120.1950-1969,-0.0304597792849056,0.216029652176636
2120.1950-1969,-0.027588956110335,0.250478939694602
2120.1950-1969,0.0920409608586112,0.321939858430219
2120.1950-1969,0.0781689304403871,0.415892460751946
2120.1950-1969,0.0908900894690055,0.317669285597413
2120.1950-1969,0.15801431789738,0.347278590571533
2120.1950-1969,0.159896462680231,0.331335118662392
2120.1950-1969,0.187862743491867,0.466000515323534
2120.1950-1969,0.184475825287738,0.522941486427611
2120.1950-1969,0.157864743657277,0.366638520746919
2120.1950-1969,0.214260867057911,0.472548727000502
2120.1950-1969,0.217816886248651,0.512976816484397
2120.1950-1969,0.224298227084246,0.555113135101414
2120.1950-1969,0.262971236230919,0.630559921814316
2120.1950-1969,0.260396345471277,0.62600464412599
2120.1950-1969,0.293681515082058,0.594117700307707
2120.1950-1969,0.299699333510731,0.775189988418672
2120.1950-1969,0.344078154728761,0.800528720559986
2120.1950-1969,0.341043186149946,0.834693303222432
2120.1950-1969,0.375617869937552,0.872843753862164
2120.1970-1989,0.3817554274639,0.875121392706327
2120.1970-1989,0.398158836180699,1.03968079919711
2120.1970-1989,0.446503918148492,0.967650470750452
2120.1970-1989,0.45181081182623,0.794265213738537
2120.1970-1989,0.503010069688405,0.778891151540437
2120.1970-1989,0.526076386110961,0.458313484224483
2120.1970-1989,0.553799347745479,0.497318049430776
2120.1970-1989,0.569290805859757,0.659599817077395
2120.1970-1989,0.611288462420756,0.801382835126547
2120.1970-1989,0.640315062651991,0.954838752252035
2120.1970-1989,0.615837867661197,1.11114171793273
2120.1970-1989,0.665838544676127,1.22587777470744
2120.1970-1989,0.747886189434562,0.824159223568178
2120.1970-1989,0.749272872581794,0.724797228991564
2120.1970-1989,0.689576788748144,0.817326307035689
2120.1970-1989,0.79766336607526,0.826436862412341
2120.1970-1989,0.816905194562681,0.912133023923977
2120.1970-1989,0.836518028985301,1.02487614671005
2120.1970-1989,0.855176130876419,1.16096506764879
2120.1970-1989,0.805678450402281,1.39043718119822
2120.1990,0.897066006001762,1.44680874259126
2120.1990,0.942714040910239,1.60140347913883
2120.1990,0.895664342803739,1.89379536575826
2120.1990,0.943439462107863,2.04298071005095
2120.1990,0.961491699847281,2.15572383283702
2120.1990,0.980220555649317,2.44697690003437
2120.1990,0.944068105987042,2.65111028144249
2120.1990,0.987070461539182,2.83531432296418
2120.1990,0.991100754976686,2.88656119695785
2120.1990,1.00474408515654,2.76869338677241
2120.1990,1.12359047650778,2.87289536389287
2120.1990,1.17927895011172,2.94008570979568
2120.1990,1.09929170410935,2.95773741083794
2120.1990,1.10213973748537,3.04286416263854
2120.1990,1.17281069565025,3.2336164158372
2120.1990,1.19434051825145,3.42095221076961
2120.1990,1.26845250222216,3.64416081749759
2120.1990,1.13953714108138,3.80558847057765
2120.1990,1.27517494471274,3.89555520492209
2120.1990,1.22616075646364,3.71903819449945
2130.1950,-0.702672599366622,-1.15567834172058
2130.1950,-0.743279456214821,-1.15340070287642
2130.1950,-0.745561537444151,-1.13945016495592
2130.1950,-0.747828399813386,-1.12777726587958
2130.1950,-0.747828399813386,-1.11724318622533
2130.1950,-0.747828399813386,-1.10443146772691
2130.1950,-0.747828399813386,-1.09418209292818
2130.1950,-0.617841423554009,-1.08307860356288
2130.1950,-0.731950488788155,-1.07453745789727
2130.1950,-0.715932797170947,-1.06741983650926
2130.1950,-0.699770992092166,-1.05745516656605
2130.1950,-0.673217812311981,-1.04464344806763
2130.1950,-0.64592259080677,-1.03610230240202
2130.1950,-0.466800077596385,-1.02101294505944
2130.1950,-0.599693665082668,-0.994250688640521
2130.1950,-0.581449062786175,-0.972043709909931
2130.1950,-0.563093628327876,-0.954392008867667
2130.1950,-0.54462419858796,-0.931046210714995
2130.1950,-0.526036413278681,-0.908554527128885
2130.1950,-0.521130870851131,-0.888625187242458
2130.1950,-0.51621251204083,-0.888625187242458
2130.1950,-0.511280858181379,-0.849905326891685
2130.1950,-0.506335648513533,-0.811754876251954
2130.1950,-0.648740610100255,-0.781860866422313
2130.1950,-0.498058115165176,-0.775027949889824
2130.1950,-0.494729836611818,-0.788978487810323
2130.1950,-0.491391165959545,-0.800936091742179
2130.1950,-0.488042982345202,-0.77218090133462
2130.1950,-0.484684735586211,-0.704705850576289
2130.1950,-0.484476778453826,-0.765632689657652
2130.1950,-0.484261289712003,-0.697018819477239
2130.1950,-0.484037915208251,-0.666555399936558
2130.1950,-0.483806585768083,-0.663423646525833
2130.1950,-0.408340465639709,-0.621572032764337
2130.1950,-0.446603378008972,-0.593386252067819
2130.1950,-0.379367265152291,-0.597941529756145
2130.1950,-0.405326955716696,-0.606197970566236
2130.1950,-0.346542693761017,-0.626696720163704
2130.1950,-0.363959650772661,-0.644917830917008
2130.1950,-0.362617655175912,-0.612461477387685
2130.1950,-0.30364154946584,-0.596233300623022
2130.1950,-0.267125997567712,-0.54270878778519
2130.1950,-0.215469152921549,-0.531320593564375
2130.1950,-0.197311890789102,-0.52761943044261
2130.1950,-0.158602729050471,-0.501711288590255
2130.1950-1969,-0.192271673004179,-0.480927834137267
2130.1950-1969,-0.116045062994353,-0.482351358414869
2130.1950-1969,-0.00762158272902523,-0.453311463151789
2130.1950-1969,-0.0457560578972583,-0.424840977599751
2130.1950-1969,0.010697986533481,-0.387829346382101
2130.1950-1969,0.0160620428363507,-0.380996429849612
2130.1950-1969,0.0335883052028646,-0.373024693895041
2130.1950-1969,0.145538770886934,-0.368754121062235
2130.1950-1969,0.0893960590896799,-0.376725857016806
2130.1950-1969,0.110498001647906,-0.33572835782187
2130.1950-1969,0.0356084097425521,-0.324909573312096
2130.1950-1969,0.143344503398605,-0.305264938281189
2130.1950-1969,0.254827567609866,-0.280780320706436
2130.1950-1969,0.194590315228668,-0.279356796428834
2130.1950-1969,0.214173858872393,-0.244053394344306
2130.1950-1969,0.164005045003322,-0.237789887522858
2130.1950-1969,0.233023859794604,-0.210173516537381
2130.1950-1969,0.241366322615949,-0.194514749483759
2130.1950-1969,0.271850269880841,-0.153801955144344
2130.1950-1969,0.374173072264414,-0.107395063694522
2130.1970-1989,0.346605994146402,-0.0538705508566892
2130.1970-1989,0.365469225270139,-0.00860247882894804
2130.1970-1989,0.335356477066407,0.0645666690397909
2130.1970-1989,0.339454441860437,0.129764080953959
2130.1970-1989,0.345766073230631,0.183858003502832
2130.1970-1989,0.481064549689122,0.185281527780434
2130.1970-1989,0.499600283842167,0.22684843668641
2130.1970-1989,0.460710451177604,0.26329065819302
2130.1970-1989,0.488429668462704,0.376318485834612
2130.1970-1989,0.504921092189408,0.437530029771495
2130.1970-1989,0.574561146099707,0.473972251278104
2130.1970-1989,0.538453002161465,0.472833431856023
2130.1970-1989,0.551463752601989,0.448918223992311
2130.1970-1989,0.56163331644112,0.461729942490728
2130.1970-1989,0.646355540706355,0.461160532779687
2130.1970-1989,0.659514215815652,0.480520462955073
2130.1970-1989,0.586548165170538,0.555113135101414
2130.1970-1989,0.679765734491461,0.619171727593501
2130.1970-1989,0.594351175503267,0.660738636499477
2130.1970-1989,0.6077804491825,0.686646778351832
2130.1990,0.628961083510778,0.732199555235094
2130.1990,0.711139794528055,0.737893652345501
2130.1990,0.723181313447227,0.787717002061569
2130.1990,0.734372051666534,0.871135524729041
2130.1990,0.749467773985967,0.947151721152984
2130.1990,0.668742987213109,1.02914671954286
2130.1990,0.677330027143053,1.03911138948607
2130.1990,0.805195989678356,1.09064296833526
2130.1990,0.82462173424252,1.06530423619394
2130.1990,0.751891699222389,0.928361200688639
2130.1990,0.901789557436991,0.961102259073483
2130.1990,0.877771443099276,0.969928109594615
2130.1990,0.901197216491521,0.999252709713214
2130.1990,0.818014285467804,1.06302659734978
2130.1990,0.831185727982612,1.16438152591504
2130.1990,0.938786310166417,1.25377885054844
2130.1990,0.953649949683842,1.40040185114144
2130.1990,0.885161637421124,1.56040597994389
2130.1990,0.983949251652858,1.63015866954639
2130.1990,0.898833641059152,1.64353979775585
2140.1950,-0.536221497344886,-0.720934027340951
2140.1950,-0.530306978522528,-0.720934027340951
2140.1950,-0.524374843497918,-0.720934027340951
2140.1950,-0.518424699411796,-0.720934027340951
2140.1950,-0.512456946447914,-0.720934027340951
2140.1950,-0.506470326052092,-0.720934027340951
2140.1950,-0.500465523551691,-0.720934027340951
2140.1950,-0.494441999472669,-0.720934027340951
2140.1950,-0.48839950166356,-0.720934027340951
2140.1950,-0.536718039984078,-0.720934027340951
2140.1950,-0.557891459466259,-0.720934027340951
2140.1950,-0.458426823364815,-0.720934027340951
2140.1950,-0.446322868879006,-0.720934027340951
2140.1950,-0.434116443125302,-0.720934027340951
2140.1950,-0.421804737024697,-0.720934027340951
2140.1950,-0.409384784365418,-0.720934027340951
2140.1950,-0.396853943190164,-0.720934027340951
2140.1950,-0.384209058758884,-0.720934027340951
2140.1950,-0.371446536631874,-0.720934027340951
2140.1950,-0.358562822391557,-0.720934027340951
2140.1950,-0.345554597653197,-0.720934027340951
2140.1950,-0.33241836203346,-0.753390380870275
2140.1950,-0.319149686912681,-0.69075531265579
2140.1950,-0.30574443303863,-0.678956943390306
2140.1950,-0.292198936505268,-0.682498871845699
2140.1950,-0.278507321270329,-0.702428211732126
2140.1950,-0.264666247123559,-0.640362553228682
2140.1950,-0.244598252025939,-0.693317656355474
2140.1950,-0.238437936878123,-0.740009252660817
2140.1950,-0.232189050496406,-0.72007991277439
2140.1950,-0.225851230901884,-0.743141006071541
2140.1950,-0.333822565401781,-0.813178400529556
2140.1950,-0.212906235701084,-0.817957350274618
2140.1950,-0.226239033410239,-0.805776074286026
2140.1950,-0.307401712397497,-0.765063279946611
2140.1950,-0.259339147550099,-0.732037516706246
2140.1950,-0.185918910888096,-0.640362553228682
2140.1950,-0.275690138244433,-0.606767380277277
2140.1950,-0.196582223818219,-0.610753248254562
2140.1950,-0.133109369838337,-0.658014254270946
2140.1950,-0.165035270082964,-0.576303960736596
2140.1950,-0.147054474573427,-0.691894132077872
2140.1950,-0.134165668786004,-0.760176207695181
2140.1950,-0.0895240839057982,-0.795811404342812
2140.1950,-0.0713262673089001,-0.725489305029277
2140.1950,0.00253621212977506,-0.659722483404068
2140.1950,0.0168757992202386,-0.534167642119579
2140.1950,0.0473954700530599,-0.507405385700662
2140.1950,0.103730357970256,-0.494593667202245
2140.1950-1969,0.155277750507433,-0.567193405359943
2140.1950-1969,0.177067025263651,-0.572602797614831
2140.1950-1969,0.17514794773743,-0.49857953517953
2140.1950-1969,0.241887461004649,-0.458863207834437
2140.1950-1969,0.294574139015007,-0.419146880489343
2140.1950-1969,0.306891569300282,-0.341707159787798
2140.1950-1969,0.32166421290407,-0.413737488234456
2140.1950-1969,0.319654136644538,-0.366191777362551
2140.1950-1969,0.372510170686934,-0.275940338162589
2140.1950-1969,0.363141486432675,-0.279072091573314
2140.1950-1969,0.328965060209185,-0.225832283591002
2140.1950-1969,0.437172955643428,-0.222415825324757
2140.1950-1969,0.424934804859772,-0.194230044628239
2140.1950-1969,0.444911433563832,-0.15981267571093
2140.1950-1969,0.418740562875456,-0.114227980227011
2140.1950-1969,0.437536193753808,-0.0393506032251496
2140.1950-1969,0.477770649054362,0.0204374164341312
2140.1950-1969,0.526275807808206,0.061719620484587
2140.1950-1969,0.497329958105275,0.128909966387398
2140.1950-1969,0.522368891149228,0.185566232635954
2140.1970-1989,0.537123909107043,0.245638957150756
2140.1970-1989,0.575622483463176,0.306850501087638
2140.1970-1989,0.587896695023289,0.410767773352579
2140.1970-1989,0.607145676893435,0.495282539305057
2140.1970-1989,0.634025105292043,0.55226608654621
2140.1970-1989,0.693812351374169,0.536892024348109
2140.1970-1989,0.693238414771788,0.586715374064177
2140.1970-1989,0.724981942803228,0.706291413382739
2140.1970-1989,0.757492256968114,0.75212889512152
2140.1970-1989,0.790097481486582,0.792556984605415
2140.1970-1989,0.82217400057124,0.770634710730345
2140.1970-1989,0.894492236888893,0.666148028754364
2140.1970-1989,0.882164112898064,0.464007581334891
2140.1970-1989,0.923583595657501,0.508706243651591
2140.1970-1989,1.06739342948394,0.553404905968292
2140.1970-1989,0.956414108607499,0.511553292206795
2140.1970-1989,0.958925512201248,0.55966841278974
2140.1970-1989,1.00257047085024,0.597818863429472
2140.1970-1989,1.00978013301696,0.611769401349971
2140.1970-1989,0.981176593230905,0.674119764708935
2140.1990,1.04068829557015,0.696326743439525
2140.1990,1.01045549264014,0.692056170606719
2140.1990,1.08126997488789,0.830707435245147
2140.1990,1.03009852869479,0.907099213887532
2140.1990,1.09404703598143,0.956262276529636
2140.1990,1.10923409620264,0.983593942659593
2140.1990,1.12499262098535,0.946867016297464
2140.1990,1.1492092707713,1.0143420670558
2140.1990,1.15712992300259,1.11968286359834
2140.1990,1.17310251565531,1.15669449481599
2140.1990,1.21850469823222,1.19541435516676
2140.1990,1.20394751345836,1.23299539609545
2140.1990,1.25436361655341,1.2728540758683
2140.1990,1.23900123290946,1.3433185276096
2140.1990,1.24732148449436,1.4137829793509
2140.1990,1.26178396718563,1.4767027524209
2140.1990,1.29554274892922,1.63955392977856
2140.1990,1.44656439331262,1.84027085292043
2140.1990,1.42674341384274,1.93991755235257
2140.1990,1.46775153636218,1.85536021026301
2150.1950,-0.700685609068873,-0.979730741008981
2150.1950,-0.685733161367198,-0.979730741008981
2150.1950,-0.670583674590894,-0.979730741008981
2150.1950,-0.560940882335843,-0.957523762278391
2150.1950,-0.646401467446862,-0.943003814646851
2150.1950,-0.637514471145068,-0.920796835916261
2150.1950,-0.628567579241739,-0.913394509672731
2150.1950,-0.618773191180571,-0.868980552211551
2150.1950,-0.611311875114372,-0.935316783547801
2150.1950,-0.603025854492888,-0.868980552211551
2150.1950,-0.594701837737865,-0.868980552211551
2150.1950,-0.586338788394586,-0.920796835916261
2150.1950,-0.577936194034755,-0.905707478573681
2150.1950,-0.384556104923694,-0.854460604580012
2150.1950,-0.559539936356525,-0.839371247237431
2150.1950,-0.549537584872635,-0.847058278336482
2150.1950,-0.539486422000841,-0.817733678217882
2150.1950,-0.529384551814294,-0.810331351974352
2150.1950,-0.519231676319577,-0.802644320875302
2150.1950,-0.509026616711283,-0.781006751855752
2150.1950,-0.576723858682754,-0.781006751855752
2150.1950,-0.503138183467336,-0.802644320875302
2150.1950,-0.462289844234031,-0.810331351974352
2150.1950,-0.496906177586103,-0.817733678217882
2150.1950,-0.493647290617085,-0.795526699487292
2150.1950,-0.348176581237234,-0.729190468151042
2150.1950,-0.471575713260154,-0.765917394513172
2150.1950,-0.452691283603835,-0.773319720756702
2150.1950,-0.327702177268231,-0.810331351974352
2150.1950,-0.414367695888623,-0.744279825493623
2150.1950,-0.394915450208978,-0.781006751855752
2150.1950,-0.260579061717248,-0.957523762278391
2150.1950,-0.355393068740738,-0.994250688640521
2150.1950,-0.335307257792839,-1.01645766737111
2150.1950,-0.314993066145211,-0.979730741008981
2150.1950,-0.294441720424535,-0.943003814646851
2150.1950,-0.195718027490665,-0.913394509672731
2150.1950,-0.094018845813804,-0.876667583310602
2150.1950,-0.173841041612968,-0.868980552211551
2150.1950,-0.19636960527741,-0.876667583310602
2150.1950,-0.0816751711515804,-0.868980552211551
2150.1950,-0.0478575841694855,-0.832253625849422
2150.1950,-0.107194213314201,-0.832253625849422
2150.1950,-0.217789910931966,-0.868980552211551
2150.1950,-0.0438757870533854,-0.810331351974352
2150.1950,-0.0117824954374025,-0.810331351974352
2150.1950,0.0232147411285794,-0.773319720756702
2150.1950,0.0584152329634337,-0.729190468151042
2150.1950,-0.0548134710924343,-0.744279825493623
2150.1950,0.192270046877955,-0.751397446881632
2150.1950-1969,0.275133680096352,-0.706983489420452
2150.1950-1969,0.2923665858876,-0.699581163176922
2150.1950-1969,0.361788416599458,-0.648334289183253
2150.1950-1969,0.352679252970092,-0.714670520519503
2150.1950-1969,0.377772358058053,-0.714670520519503
2150.1950-1969,0.336690144179426,-0.706983489420452
2150.1950-1969,0.430310586851375,-0.677943594157373
2150.1950-1969,0.449359865034714,-0.626127310452663
2150.1950-1969,0.474197457864952,-0.626127310452663
2150.1950-1969,0.496918864498931,-0.602212102588951
2150.1950-1969,0.540906389414911,-0.605628560855195
2150.1950-1969,0.460519200887806,-0.584560401546687
2150.1950-1969,0.506215099850369,-0.611322657965603
2150.1950-1969,0.492955376411371,-0.615877935653929
2150.1950-1969,0.642304436638306,-0.558936964549852
2150.1950-1969,0.585765915946323,-0.578866304436279
2150.1950-1969,0.608631171041516,-0.551249933450802
2150.1950-1969,0.693402312991612,-0.464699657372605
2150.1950-1969,0.694012264519305,-0.538722919807905
2150.1950-1969,0.726908759612965,-0.56491576651578
2150.1970-1989,0.707803291083482,-0.610753248254562
2150.1970-1989,0.786718672873323,-0.558082849983291
2150.1970-1989,0.7543031722155,-0.531890003275415
2150.1970-1989,0.777378409730012,-0.465553771939166
2150.1970-1989,0.800269769843629,-0.430535074710159
2150.1970-1989,0.850201316616365,-0.395231672625631
2150.1970-1989,0.844379603431501,-0.38014231528305
2150.1970-1989,0.864753715196136,-0.343984798631961
2150.1970-1989,0.834716426625049,-0.286759122672364
2150.1970-1989,0.900368980652994,-0.267114487641458
2150.1970-1989,0.907142792488037,-0.289036761516527
2150.1970-1989,0.854187501846722,-0.199639436883126
2150.1970-1989,0.893391100467312,-0.180564211563261
2150.1970-1989,0.940511553824943,-0.118498553059817
2150.1970-1989,0.887125733556989,-0.0199906730497634
2150.1970-1989,0.958802155617509,-0.000346038018856877
2150.1970-1989,0.957058538236533,-0.0131577565172742
2150.1970-1989,0.962564193588914,-0.0666822693551066
2150.1970-1989,0.964747910747791,-0.0362188498144254
2150.1970-1989,0.904998072051312,-0.0370729643809865
2150.1990,0.88299819327165,-0.116220914215654
2150.1990,0.902537833844865,-0.324340163601055
2150.1990,0.975716805899761,-0.490038389513919
2150.1990,0.892874429305483,-0.701574097165565
2150.1990,0.909259595031716,-0.694171770922035
2150.1990,0.934917373081077,-0.643494306639406
2150.1990,0.945467560786511,-0.532744117841977
2150.1990,1.0760723280918,-0.482636063270389
2150.1990,1.0092762828177,-0.485483111825593
2150.1990,1.01991512855721,-0.426264501877353
2150.1990,1.11919127196015,-0.316653132502005
2150.1990,1.0830214448428,-0.253448654576479
2150.1990,1.21688587207251,-0.214159384514666
2150.1990,1.17388237717085,-0.174870114452853
2150.1990,1.18076210667706,-0.159496052254752
2150.1990,1.20782994913308,-0.115936209360133
2150.1990,1.15198908926285,0.0839265992151771
2150.1990,1.26058320760347,0.146561667429662
2150.1990,1.26504374059096,0.251617759116684
2150.1990,1.2458388860391,0.320801039008137
2170.1950,-0.370149429243567,-0.991973049796357
2170.1950,-0.366506781340977,-0.991973049796357
2170.1950,-0.362841977300917,-0.991973049796357
2170.1950,-0.359155539387712,-0.991973049796357
2170.1950,-0.355446419518982,-0.991973049796357
2170.1950,-0.351714730414006,-0.991973049796357
2170.1950,-0.34796037939747,-0.991973049796357
2170.1950,-0.344182594127467,-0.991973049796357
2170.1950,-0.341590670232327,-0.991973049796357
2170.1950,-0.338995467538434,-0.991973049796357
2170.1950,-0.336396779154445,-0.991973049796357
2170.1950,-0.333794060127472,-0.991973049796357
2170.1950,-0.331187714189019,-0.991973049796357
2170.1950,-0.328577805692746,-0.991973049796357
2170.1950,-0.325964195982863,-0.991973049796357
2170.1950,-0.299784924858619,-0.991973049796357
2170.1950,-0.391263988361109,-0.991973049796357
2170.1950,-0.311248452310396,-0.991973049796357
2170.1950,-0.381426101952205,-0.991973049796357
2170.1950,-0.381205013940495,-0.991973049796357
2170.1950,-0.381660668622014,-0.991973049796357
2170.1950,-0.347693613416907,-0.991973049796357
2170.1950,-0.458330563321427,-0.991973049796357
2170.1950,-0.446110136163471,-0.991973049796357
2170.1950,-0.48829137819515,-0.991973049796357
2170.1950,-0.400749144958693,-0.991973049796357
2170.1950,-0.347070696959363,-0.991973049796357
2170.1950,-0.337926285496213,-0.991973049796357
2170.1950,-0.295290825897045,-0.991973049796357
2170.1950,-0.254167807399694,-0.991973049796357
2170.1950-1969,-0.263495511563449,-0.991973049796357
2170.1950-1969,-0.148216580253812,-0.951260255456942
2170.1950-1969,-0.164847765776807,-0.926206228171149
2170.1950-1969,-0.0388669248478693,-0.948413206901739
2170.1950-1969,-0.0111827685296034,-0.936170898114362
2170.1950-1969,-0.0318550401737481,-0.921081540771782
2170.1950-1969,-0.00668650745156223,-0.886347548398295
2170.1950-1969,0.0332738245571885,-0.869834666778112
2170.1950-1969,0.0918452804718745,-0.859015882268338
2170.1950-1969,0.0633457797994221,-0.875244059033
2170.1950-1969,0.0430432006656351,-0.867272323078429
2170.1950-1969,0.121429979787436,-0.898874562041192
2170.1950-1969,0.0741989050259253,-0.825420709316932
2170.1950-1969,0.0971973459814007,-0.805776074286026
2170.1950-1969,0.11980777071521,-0.784707914977517
2170.1950-1969,0.2061972178858,-0.886632253253815
2170.1950-1969,0.186278456018861,-0.829975987005259
2170.1950-1969,0.209072293506046,-0.828552462727657
2170.1950-1969,0.184121687027594,-0.8459194589144
2170.1950-1969,0.231545712711216,-0.798658452898016
2170.1970-1989,0.259869041140306,-0.74968921774851
2170.1970-1989,0.269482931045001,-0.695595295199637
2170.1970-1989,0.29864394107385,-0.624419081319541
2170.1970-1989,0.308221218664534,-0.548118180040077
2170.1970-1989,0.326562593129762,-0.519932399343559
2170.1970-1989,0.341172934608184,-0.500003059457132
2170.1970-1989,0.360848079491009,-0.460429084539799
2170.1970-1989,0.390008996178592,-0.437083286387127
2170.1970-1989,0.39210968918285,-0.437937400953689
2170.1970-1989,0.376479731605785,-0.419146880489343
2170.1970-1989,0.431185014837004,-0.381565839560652
2170.1970-1989,0.4353293731641,-0.363060023951827
2170.1970-1989,0.455555246368305,-0.368754121062235
2170.1970-1989,0.463255639789649,-0.346262437476125
2170.1970-1989,0.47737142543551,-0.367615301640153
2170.1970-1989,0.467800504259264,-0.418008061067262
2170.1970-1989,0.575395194334014,-0.40975162025717
2170.1970-1989,0.521597697320711,-0.354234173430695
2170.1970-1989,0.536943118337158,-0.370177645339837
2170.1970-1989,0.552396872357876,-0.256865112842724
2170.1990,0.541712328670405,-0.336582472388431
2170.1990,0.649265338373555,-0.3277566218673
2170.1990,0.730057539536694,-0.266545077930417
2170.1990,0.778863900578365,-0.179710096996699
2170.1990,0.623202714525914,-0.149246677456018
2170.1990,0.614229052332235,-0.07664693929832
2170.1990,0.763043474292755,0.0221456455672535
2170.1990,0.662383695688514,0.141152275174774
2170.1990,0.751620269395973,0.253895397960847
2170.1990,0.732272180977266,0.369770274157644
2170.1990,0.890041034257764,0.474541660989145
2170.1990,0.81698734087349,0.511268587351275
2170.1990,0.865305462399952,0.627997578114633
2170.1990,0.811157777229341,0.627428168403592
2170.1990,0.79637131574475,0.660453931643957
2170.1990,0.754229752046792,0.864017903341032
2170.1990,0.885690070197,1.12139109273146
2170.1990,0.788439605387275,1.35086320628089
2170.1990,0.902063536298056,1.45335695426823
2170.1990,0.806809820752262,1.49321563404108
2180.1950-1969,-0.125110403104858,-0.612461477387685
2180.1950-1969,-0.196485816509587,-0.625273195886102
2180.1950-1969,-0.0770885194907502,-0.546409950906955
2180.1950-1969,-0.140862284181884,-0.551249933450802
2180.1950-1969,-0.0974949998382344,-0.503704222578897
2180.1950-1969,-0.0275477849537923,-0.504558337145459
2180.1950-1969,-0.0651303896086715,-0.495447781768806
2180.1950-1969,0.0215891002176255,-0.479504309859665
2180.1950-1969,-0.0363300556612253,-0.478365490437583
2180.1950-1969,0.000805868528933019,-0.454734987429391
2180.1950-1969,0.0702713529675545,-0.419146880489343
2180.1950-1969,0.0457950762390989,-0.423702158177669
2180.1950-1969,0.129850564058116,-0.400071655169477
2180.1950-1969,0.127381176602175,-0.405196342568844
2180.1950-1969,0.131824810328543,-0.363914138518388
2180.1950-1969,0.149154666574656,-0.293592039204853
2180.1950-1969,0.153314133384991,-0.298147316893179
2180.1950-1969,0.185187457740815,-0.272808584751865
2180.1950-1969,0.214901205295078,-0.244053394344306
2180.1950-1969,0.232629100780574,-0.215013499081227
2180.1970-1989,0.250614457381555,-0.166898378498282
2180.1970-1989,0.224073093628321,-0.131879681269275
2180.1970-1989,0.296693425184609,-0.0911668869298597
2180.1970-1989,0.243742996437434,0.0349573640656709
2180.1970-1989,0.296516127823436,0.0770936826826878
2180.1970-1989,0.312429840415275,0.111827675056175
2180.1970-1989,0.332733614179441,0.215175537610074
2180.1970-1989,0.390193225009057,0.27097768929207
2180.1970-1989,0.401144938548054,0.339591559472483
2180.1970-1989,0.422012860881837,0.384574926644703
2180.1970-1989,0.443964138789087,0.415892460751946
2180.1970-1989,0.467062370808332,0.439238258904617
2180.1970-1989,0.487931754784929,0.409059544219457
2180.1970-1989,0.485879218259302,0.321939858430219
2180.1970-1989,0.522827978871689,0.345855066293931
2180.1970-1989,0.541913886436502,0.373471437279409
2180.1970-1989,0.542922421958039,0.378880829534296
2180.1970-1989,0.604243634943257,0.219730815298401
2180.1970-1989,0.621806187878465,0.351833868259859
2180.1970-1989,0.643112302939851,0.309128139931802
2180.1990,0.674705405657675,0.313114007909087
2180.1990,0.68416858950633,0.396247825721039
2180.1990,0.715872205757959,0.453758206536157
2180.1990,0.67629993999714,0.469416973589778
2180.1990,0.712775582451816,0.517816799028244
2180.1990,0.761482696778353,0.530628517526661
2180.1990,0.754779523270067,0.533190861226344
2180.1990,0.799185088539854,0.586430669208656
2180.1990,0.817987673243987,0.622303481004225
2180.1990,0.836707592278718,0.502158031974623
2180.1990,0.853153750698184,0.508706243651591
2180.1990,0.872922578441394,0.572195426432637
2180.1990,0.889808214527525,0.637392838346805
2180.1990,1.0095644115851,0.668425667598527
2180.1990,0.967135400728827,0.807931046803516
2180.1990,0.868501693939286,0.892773093748591
2180.1990,0.946983149590957,0.968219880461493
2180.1990,0.993939616568186,1.00010682427978
2180.1990,0.971774189065395,1.13391810637436
2180.1990,0.988391767255881,1.12736989469739
2190.1950,-0.729704087597353,-0.983431904130746
2190.1950,-0.734581228454409,-1.03837994124618
2190.1950,-0.789202676688435,-1.08421742298496
2190.1950,-0.816276060677754,-1.03923405581274
2190.1950,-0.726426226751891,-1.03154702471369
2190.1950,-0.72355613694044,-0.994250688640521
2190.1950,-0.767350596773683,-1.01047886540518
2190.1950,-0.723537530863588,-0.974321348754094
2190.1950,-0.6845810571125,-1.01418002852695
2190.1950,-0.711024760346453,-0.987987181819072
2190.1950,-0.617489185047114,-0.953253189445585
2190.1950,-0.60418390344468,-0.970050775921288
2190.1950,-0.703658536155301,-0.937594422391964
2190.1950,-0.699324617485749,-0.897166332908069
2190.1950,-0.619421964471641,-0.935316783547801
2190.1950,-0.58623679714525,-0.962363744822237
2190.1950,-0.529271311993103,-0.960655515689115
2190.1950,-0.512359601909744,-0.839371247237431
2190.1950,-0.490486828287638,-0.68278357670122
2190.1950,-0.401197668840828,-0.765632689657652
2190.1950-1969,-0.179971766748251,-0.781860866422313
2190.1950-1969,-0.24396155567349,-0.785846734399599
2190.1950-1969,-0.255440447034578,-0.754244495436836
2190.1950-1969,-0.22169184138039,-0.724350485607196
2190.1950-1969,-0.208468730197865,-0.736023384683532
2190.1950-1969,-0.178218788482243,-0.720649322485431
2190.1950-1969,-0.141673702765908,-0.685061215545383
2190.1950-1969,-0.129691263661897,-0.66797892421416
2190.1950-1969,-0.103742152632591,-0.674811840746649
2190.1950-1969,-0.0648026579836633,-0.664277761092395
2190.1950-1969,-0.013193555003654,-0.657160139704385
2190.1950-1969,-0.00508939542132137,-0.654882500860222
2190.1950-1969,0.0247978582900514,-0.586268630679809
2190.1950-1969,0.0390219704632039,-0.576588665592116
2190.1950-1969,0.0591421789310486,-0.523633562465324
2190.1950-1969,0.0801067629828077,-0.503988927434418
2190.1950-1969,0.143490339318234,-0.471817278760614
2190.1950-1969,0.100523370225145,-0.451887938874187
2190.1950-1969,0.11518230373007,-0.454734987429391
2190.1950-1969,0.129203300916543,-0.455873806851473
2190.1970-1989,0.142159252088103,-0.464984362228125
2190.1970-1989,0.181484347759059,-0.4464785466193
2190.1970-1989,0.169487896597616,-0.413737488234456
2190.1970-1989,0.170910915158215,-0.385551707537938
2190.1970-1989,0.176864280551244,-0.344269503487482
2190.1970-1989,0.192741524398065,-0.310674330536076
2190.1970-1989,0.183924561050804,-0.295300268337976
2190.1970-1989,0.185867507330058,-0.256295703131683
2190.1970-1989,0.18789719882847,-0.212451155381544
2190.1970-1989,0.204422524325638,-0.263982734230733
2190.1970-1989,0.215818673255832,-0.381565839560652
2190.1970-1989,0.119466784210157,-0.459574969973238
2190.1970-1989,0.206228714171182,-0.507405385700662
2190.1970-1989,0.238527452600681,-0.509967729400346
2190.1970-1989,0.26183171439435,-0.502280698301295
2190.1970-1989,0.375727721522091,-0.499718354601612
2190.1970-1989,0.321782058783548,-0.510821843966907
2190.1970-1989,0.375691080451878,-0.503988927434418
2190.1970-1989,0.393013207547624,-0.50598186142306
2190.1970-1989,0.459174269137835,-0.512245368244509
2190.1990,0.464634945181712,-0.496301896335367
2190.1990,0.497154049533626,-0.463276133095003
2190.1990,0.492566183955366,-0.390106985226264
2190.1990,0.487503242209481,-0.304126118859108
2190.1990,0.496470970148103,-0.229248741857246
2190.1990,0.592976993999445,-0.15067020173362
2190.1990,0.546393629094173,-0.12817851814751
2190.1990,0.622020909667782,-0.0678210887771881
2190.1990,0.5473640566665,-0.012303641950713
2190.1990,0.552396794861769,0.0406514611760785
2190.1990,0.609781411254956,0.0805101409489324
2190.1990,0.648002628822431,0.122077049854909
2190.1990,0.683781878680099,0.179302725814506
2190.1990,0.697493076737856,0.237951926051705
2190.1990,0.634505005623071,0.291761143745058
2190.1990,0.773039147647569,0.375749076123572
2190.1990,0.744730781815487,0.472833431856023
2190.1990,0.761853079973953,0.5744730652768
2190.1990,0.663887192500214,0.624011710137347
2190.1990,0.753201946311633,0.582160096375851
2250.1950,-0.770406814442798,-0.880653451287887
2250.1950,-0.770037883052647,-0.880653451287887
2250.1950,-0.769669024739895,-0.880653451287887
2250.1950,-0.769300158176464,-0.880653451287887
2250.1950,-0.768931323988373,-0.880653451287887
2250.1950,-0.76856223779451,-0.880653451287887
2250.1950,-0.768193468329273,-0.880653451287887
2250.1950,-0.767824487520479,-0.880653451287887
2250.1950,-0.766586218370251,-0.880653451287887
2250.1950,-0.765347836920062,-0.880653451287887
2250.1950,-0.764109099903288,-0.880653451287887
2250.1950,-0.762869845690873,-0.880653451287887
2250.1950,-0.761630317793974,-0.880653451287887
2250.1950,-0.760390354628997,-0.880653451287887
2250.1950,-0.759150037544964,-0.880653451287887
2250.1950,-0.757909407281876,-0.880653451287887
2250.1950,-0.756668262280065,-0.880653451287887
2250.1950,-0.755426925905919,-0.880653451287887
2250.1950,-0.754185277242287,-0.880653451287887
2250.1950,-0.752943195687052,-0.880653451287887
2250.1950,-0.751700883022687,-0.880653451287887
2250.1950,-0.891806355635542,-0.83083010157182
2250.1950,-0.747294004541203,-0.872112305622276
2250.1950,-0.744127954201277,-0.820296021917565
2250.1950,-0.740959309882021,-0.775597359600865
2250.1950,-0.737788078088641,-0.795526699487292
2250.1950,-0.734614384852625,-0.795526699487292
2250.1950,-0.731438156073343,-0.759653887691723
2250.1950,-0.728259795227097,-0.751397446881632
2250.1950,-0.725078789835391,-0.677374184446332
2250.1950,-0.865514810492347,-0.652035452305018
2250.1950,-0.715144194538732,-0.722926961329594
2250.1950,-0.708381844146965,-0.831684216138381
2250.1950,-0.70160786608456,-0.841648886081594
2250.1950,-0.694821797350986,-0.7718961964791
2250.1950,-0.688023957602181,-0.681075347568097
2250.1950,-0.681213960200874,-0.412029259101333
2250.1950,-0.674391575480379,-0.457012626273554
2250.1950,-0.66755676660996,-0.448756185463463
2250.1950,-0.678473320393977,-0.3431306840654
2250.1950,-0.653848757697741,-0.213589974803625
2250.1950,-0.590145407320225,-0.176008933874934
2250.1950,-0.628691169302712,-0.18739712809575
2250.1950,-0.615945058127225,-0.625273195886102
2250.1950,-0.625172092921029,-0.66797892421416
2250.1950,-0.685707201616095,-0.671964792191445
2250.1950,-0.574242152225383,-0.549541704317679
2250.1950,-0.548216780965103,-0.561784013105056
2250.1950,-0.515555238737445,-0.555805211139128
2250.1950,-0.499697449535823,-0.500003059457132
2250.1950-1969,-0.349352810606984,-0.511960663388989
2250.1950-1969,-0.388028412371708,-0.529042954720212
2250.1950-1969,-0.438179483139874,-0.539577034374466
2250.1950-1969,-0.430308641628132,-0.535875871252701
2250.1950-1969,-0.341246570966393,-0.548687589751118
2250.1950-1969,-0.227604235279539,-0.555520506283607
2250.1950-1969,-0.368929125787667,-0.505127746856499
2250.1950-1969,-0.340462347945049,-0.48320547298143
2250.1950-1969,-0.333537319923343,-0.470109049627492
2250.1950-1969,-0.239663080098065,-0.454734987429391
2250.1950-1969,-0.223753402354463,-0.462706723383962
2250.1950-1969,-0.123545549705307,-0.452457348585228
2250.1950-1969,-0.105467224455196,-0.449325595174504
2250.1950-1969,-0.17431628545773,-0.38697523181554
2250.1950-1969,-0.151865376776366,-0.37217057932848
2250.1950-1969,-0.0469777219399918,-0.347685961753726
2250.1950-1969,-0.149423201216446,-0.309820215969515
2250.1950-1969,-0.00719945195367031,-0.286759122672364
2250.1950-1969,-0.12635395201083,-0.20960410682634
2250.1950-1969,-0.154256607395404,-0.177717163008057
2250.1970-1989,0.0556203288425862,-0.133303205546877
2250.1970-1989,0.0756381433216665,-0.0911668869298597
2250.1970-1989,0.0220195665073643,-0.0239765410270488
2250.1970-1989,0.107399716875667,0.0380891174763951
2250.1970-1989,0.0313075573563026,0.0967383177135944
2250.1970-1989,0.0211311302685799,0.0904748108921459
2250.1970-1989,0.115896420393936,0.166206302460568
2250.1970-1989,0.0846293456793033,0.251617759116684
2250.1970-1989,0.13291718475873,0.294608192300262
2250.1970-1989,0.129502495359192,0.335036281784157
2250.1970-1989,0.127420149167844,0.35952089935891
2250.1970-1989,0.149637486819237,0.3230786778523
2250.1970-1989,0.251278459207479,0.222577863853605
2250.1970-1989,0.186737665172677,0.132041719798122
2250.1970-1989,0.285511590469747,0.0990159565577575
2250.1970-1989,0.304681416413649,0.0486231971306493
2250.1970-1989,0.321889264217496,0.00420923966946928
2250.1970-1989,0.34057959928517,-0.00660954484030535
2250.1970-1989,0.353528381467511,-0.01002600310655
2250.1970-1989,0.352688580116515,0.00648687851363236
2250.1990,0.329420349517252,0.0124656804795604
2250.1990,0.41784380110556,0.0130350901906012
2250.1990,0.446997067470368,0.052039655396894
2250.1990,0.330355612774557,0.0745313389830043
2250.1990,0.339876994483656,0.0836418943596567
2250.1990,0.503915268627571,0.10812651193441
2250.1990,0.527752096639126,0.111258265345134
2250.1990,0.483343331525574,0.136596997486448
2250.1990,0.51795191936395,0.173608628704098
2250.1990,0.5948231111061,0.200370885123014
2250.1990,0.611245922349569,0.210335555066228
2250.1990,0.634654524455684,0.216883766743197
2250.1990,0.66216077111365,0.244500137728674
2250.1990,0.624307655127049,0.251333054261163
2250.1990,0.684191321360377,0.270123574725509
2250.1990,0.697493252578316,0.287205866056732
2250.1990,0.618418984482663,0.33731392062832
2250.1990,0.64755081614435,0.405643085953212
2250.1990,0.745676375027517,0.422440672428915
2250.1990,0.641633525284217,0.38941490918855
2280.1950,-0.51887157569259,-0.774173835323263
2280.1950,-0.592237184444702,-0.774173835323263
2280.1950,-0.600201590401714,-0.857592357990736
2280.1950,-0.556311451185564,-0.905707478573681
2280.1950,-0.539282293302883,-0.928483867015312
2280.1950,-0.715054963383782,-0.961509630255676
2280.1950,-0.520441300205484,-0.962363744822237
2280.1950,-0.518770875307867,-0.993396574073959
2280.1950,-0.509989368286243,-0.974606053609614
2280.1950,-0.501178994385091,-0.970050775921288
2280.1950,-0.465356228861852,-0.950690845745902
2280.1950,-0.485834212169562,-0.960655515689115
2280.1950,-0.504838375790754,-1.01474943823799
2280.1950,-0.470602106706219,-1.01731178193767
2280.1950,-0.46186558052199,-1.01816589650423
2280.1950,-0.365676654619428,-0.924782703893547
2280.1950,-0.448985654373024,-0.89745103776359
2280.1950,-0.443132953009207,-0.874959354177479
2280.1950,-0.428865957627428,-0.87581346874404
2280.1950,-0.414483995620082,-0.884924024120693
2280.1950-1969,-0.278732803077903,-0.883500499843091
2280.1950-1969,-0.385360825262253,-0.869834666778112
2280.1950-1969,-0.310522612083676,-0.864994684234266
2280.1950-1969,-0.355738398950698,-0.836239493826707
2280.1950-1969,-0.340731877013796,-0.889479301809019
2280.1950-1969,-0.369292027852652,-0.892611055219743
2280.1950-1969,-0.313112815227912,-0.865848798800827
2280.1950-1969,-0.212235562755531,-0.858161767701777
2280.1950-1969,-0.287727412889191,-0.858446472557297
2280.1950-1969,-0.274820682576512,-0.863001750245623
2280.1950-1969,-0.153740401169113,-0.846773573480961
2280.1950-1969,-0.248578794559299,-0.851613556024808
2280.1950-1969,-0.222298311903826,-0.839086542381911
2280.1950-1969,-0.195487212894416,-0.83823242781535
2280.1950-1969,-0.168106826280183,-0.829121872438697
2280.1950-1969,-0.140109593452362,-0.799227862609057
2280.1950-1969,-0.023409952790766,-0.784992619833038
2280.1950-1969,-0.027378848389192,-0.7718961964791
2280.1950-1969,0.0163879176798384,-0.75680683913652
2280.1950-1969,0.0363518238582676,-0.775882064456385
2280.1970-1989,0.0566688078089131,-0.777305588733987
2280.1970-1989,0.0601189968096867,-0.773604425612222
2280.1970-1989,0.099250527174773,-0.761077411969325
2280.1970-1989,0.082294704683263,-0.733745745839368
2280.1970-1989,0.145043696188165,-0.661715417392711
2280.1970-1989,0.104134054327709,-0.671110677624884
2280.1970-1989,0.133346224955498,-0.617016755076011
2280.1970-1989,0.163467940269861,-0.560360488827454
2280.1970-1989,0.19458354585834,-0.50541245171202
2280.1970-1989,0.273737536058532,-0.495163076913286
2280.1970-1989,0.414093811278936,-0.523633562465324
2280.1970-1989,0.33651025390145,-0.538153510096864
2280.1970-1989,0.358740788435684,-0.582282762702524
2280.1970-1989,0.388462448923687,-0.619009689064653
2280.1970-1989,0.418385584810414,-0.613030887098725
2280.1970-1989,0.384198176484498,-0.60904501912144
2280.1970-1989,0.476077970778508,-0.632960226985152
2280.1970-1989,0.433350086491555,-0.612461477387685
2280.1970-1989,0.459351156282044,-0.601357988022389
2280.1970-1989,0.54896804403799,-0.591108613223656
2280.1990,0.50092053149841,-0.615308525942888
2280.1990,0.587830914305056,-0.605913265710716
2280.1990,0.545023399483873,-0.576873370447636
2280.1990,0.623976866193424,-0.542139378074149
2280.1990,0.592003950324783,-0.573741617036912
2280.1990,0.596866518522814,-0.55722873541673
2280.1990,0.601756199835817,-0.544132312062792
2280.1990,0.697170637791976,-0.517654760499396
2280.1990,0.61162331578221,-0.509113614833785
2280.1990,0.729951129358801,-0.54270878778519
2280.1990,0.75692712028084,-0.508259500267224
2280.1990,0.776800354055577,-0.500003059457132
2280.1990,0.772263940675495,-0.481212538992787
2280.1990,0.78543852699488,-0.45388087286283
2280.1990,0.695887370599409,-0.408328095979568
2280.1990,0.810911164197767,-0.361636499674225
2280.1990,0.864304174765845,-0.306403757703271
2280.1990,0.839337836498928,-0.251740425443357
2280.1990,0.892959435972317,-0.21700643306987
2280.1990,0.907740109671395,-0.262274505097611
2310.1950,-0.5989136179191,-0.939302651525086
2310.1950,-0.769908729616948,-0.900867496029834
2310.1950,-0.768898454680837,-0.946704977768616
2310.1950,-0.767887671219022,-0.894888694063906
2310.1950,-0.766877029238934,-0.890902826086621
2310.1950,-0.90033167702653,-0.83823242781535
2310.1950,-0.76441658948757,-0.851613556024808
2310.1950,-0.762966477232639,-0.822573660761728
2310.1950,-0.761515948600689,-0.83083010157182
2310.1950,-0.760064761374796,-0.819157202495484
2310.1950,-0.86807379352409,-0.820296021917565
2310.1950,-0.756538735785659,-0.8459194589144
2310.1950,-0.754463166867515,-0.851328851169287
2310.1950,-0.752386575118492,-0.887486367820376
2310.1950,-0.750309002430267,-0.886632253253815
2310.1950,-0.918222037589262,-0.894888694063906
2310.1950,-0.745164383993449,-0.851613556024808
2310.1950,-0.74209615846921,-0.825990119027973
2310.1950,-0.739025338455798,-0.800936091742179
2310.1950,-0.735952569399096,-0.775027949889824
2310.1950,-0.732877774955278,-0.731468106995205
2310.1950,-0.803839914926763,-0.734315155550409
2310.1950,-0.813817780819195,-0.728621058440002
2310.1950,-0.731052601974348,-0.715524635086064
2310.1950,-0.731444370179883,-0.739724547805297
2310.1950,-0.743373367736307,-0.706414079709411
2310.1950,-0.713347596155633,-0.673388316469047
2310.1950,-0.712350490614027,-0.720649322485431
2310.1950,-0.693403425430034,-0.72776694387344
2310.1950,-0.656272869250676,-0.767910328501815
2310.1950,-0.605505146731156,-0.822288955906208
2310.1950,-0.628595749878422,-0.812324285962995
2310.1950,-0.620602468921963,-0.9199427213497
2310.1950,-0.612530302690279,-0.868411142500511
2310.1950,-0.604377257793642,-0.83851713267087
2310.1950,-0.451235428684431,-0.803498435441863
2310.1950,-0.574261289974972,-0.762216231391407
2310.1950,-0.591275623736055,-0.751397446881632
2310.1950,-0.529557611582873,-0.752251561448193
2310.1950,-0.540379143234339,-0.726343419595838
2310.1950,-0.463588259554001,-0.729190468151042
2310.1950,-0.457704850285964,-0.678513003868414
2310.1950,-0.431514996436932,-0.656021320282303
2310.1950,-0.404916990331714,-0.648334289183253
2310.1950,-0.377881559833053,-0.604489741433114
2310.1950,-0.3503756871498,-0.601357988022389
2310.1950,-0.315623846070372,-0.568616929637545
2310.1950,-0.264643567541048,-0.562638127671617
2310.1950,-0.231886549829924,-0.550395818884241
2310.1950,-0.209745101794217,-0.525341791598447
2310.1950-1969,-0.0446115015572291,-0.458720855406677
2310.1950-1969,-0.147236291509601,-0.412313963956854
2310.1950-1969,-0.100983797704394,-0.402918703724681
2310.1950-1969,-0.0849302887320686,-0.432528008698801
2310.1950-1969,-0.0114965119510326,-0.361636499674225
2310.1950-1969,-0.0251663771251347,-0.302133184870465
2310.1950-1969,0.0371576472997192,-0.258573341975846
2310.1950-1969,0.155106720365152,-0.204479419426973
2310.1950-1969,0.0786374168372248,-0.176578343585975
2310.1950-1969,0.105954246638489,-0.177717163008057
2310.1950-1969,0.276553615523682,-0.11337386566045
2310.1950-1969,0.232507404917188,-0.0894586577967374
2310.1950-1969,0.178911019871178,-0.0683904984882289
2310.1950-1969,0.18816819040601,-0.000915447729897647
2310.1950-1969,0.215048314084727,0.123500574132511
2310.1950-1969,0.202837110471468,0.175316857837221
2310.1950-1969,0.238152107711344,0.235958992063063
2310.1950-1969,0.262481178705373,0.287775275767773
2310.1950-1969,0.333866854853593,0.373186732423888
2310.1950-1969,0.279433808202597,0.429273588961404
2310.1970-1989,0.366076312275769,0.498741573708378
2310.1970-1989,0.332939757241664,0.509845063073673
2310.1970-1989,0.39517243984832,0.607783533372685
2310.1970-1989,0.419002081305588,0.704867889105137
2310.1970-1989,0.39340768792904,0.762947679631295
2310.1970-1989,0.460519273824342,0.822735699290576
2310.1970-1989,0.478588706681543,0.856900281953022
2310.1970-1989,0.502678459839496,0.86999670530696
2310.1970-1989,0.523845224890925,1.01605029618892
2310.1970-1989,0.49075820811107,1.19171319204499
2310.1970-1989,0.550001797526876,1.36879961217867
2310.1970-1989,0.52492215182821,1.54218486919059
2310.1970-1989,0.550993987929587,1.45734282224551
2310.1970-1989,0.653069495287091,1.29107518662161
2310.1970-1989,0.591247817795209,1.32552447413958
2310.1970-1989,0.659047756252856,1.32780211298374
2310.1970-1989,0.678611360142762,1.18488027551251
2310.1970-1989,0.697262752508232,1.17719324441346
2310.1970-1989,0.71608385488416,1.15925683851567
2310.1970-1989,0.735043015802485,1.21591310476423
2310.1990,0.687749307442494,1.30331749540899
2310.1990,0.772638959520212,1.3915760006203
2310.1990,0.790761558766621,1.46360632906696
2310.1990,0.808270334190827,1.49093799519692
2310.1990,0.750734272471523,1.59428585775082
2310.1990,0.773267855908908,1.373354889867
2310.1990,0.77278893662796,1.49890973115149
2310.1990,0.87949088089411,1.68225965810662
2310.1990,0.900102894168128,1.81920269361192
2310.1990,0.831838446716926,1.92824465327623
2310.1990,0.957381372169551,2.13294744439539
2310.1990,0.977047577849547,2.11928161133041
2310.1990,0.993939616568186,2.14234270462756
2310.1990,0.99438531178217,2.18447902324458
2310.1990,1.00298828956308,2.32512322187165
2310.1990,0.845693384667543,2.42989460870315
2310.1990,1.00665433293306,2.60982807739203
2310.1990,0.998757134748915,2.72285590503362
2310.1990,0.938550224903921,2.75787460226263
2310.1990,0.995209064059301,2.53552011010121
2340.1950,-0.581087585394495,-0.837663018104309
2340.1950,-0.587405181670325,-0.787839668388242
2340.1950,-0.588397205506777,-0.827698348161096
2340.1950,-0.589337597665011,-0.782430276133354
2340.1950,-0.599530908458305,-0.803498435441863
2340.1950,-0.675299871605497,-0.814886629662678
2340.1950,-0.524693420269874,-0.781291456711273
2340.1950,-0.554595933415712,-0.800366682031138
2340.1950,-0.573729187146279,-0.757660953703081
2340.1950,-0.537700884152102,-0.790402012087925
2340.1950-1969,-0.223968445771992,-0.72776694387344
2340.1950-1969,-0.283780000650033,-0.701574097165565
2340.1950-1969,-0.292576316854145,-0.599365054033747
2340.1950-1969,-0.256485348777999,-0.604774446288634
2340.1950-1969,-0.220901226431872,-0.553242867439444
2340.1950-1969,-0.238512126806897,-0.521925333332202
2340.1950-1969,-0.237992094535624,-0.550965228595281
2340.1950-1969,-0.146948666225837,-0.503988927434418
2340.1950-1969,-0.136552131629884,-0.530466478997814
2340.1950-1969,-0.137888555682113,-0.545840541195914
2340.1950-1969,-0.130044995868638,-0.561784013105056
2340.1950-1969,-0.110000474016771,-0.525057086742926
2340.1950-1969,-0.088285895420954,-0.455589101995952
2340.1950-1969,-0.0665095444310936,-0.381565839560652
2340.1950-1969,0.00388166779309853,-0.293022629493813
2340.1950-1969,-0.0194413571955076,-0.222415825324757
2340.1950-1969,-0.000496556764541294,-0.221846415613716
2340.1950-1969,-0.0535705049347913,-0.176863048441496
2340.1950-1969,-0.00687367659379755,-0.199924141738647
2340.1950-1969,0.0668864557618603,-0.158641937688191
2340.1970-1989,0.0889212470853732,-0.18739712809575
2340.1970-1989,0.0479063505491642,-0.167467788209323
2340.1970-1989,0.130651114419745,-0.164620739654119
2340.1970-1989,0.140326105206128,-0.137858483235203
2340.1970-1989,0.172249582444555,-0.0162895099279984
2340.1970-1989,0.181844984504032,-0.0308094575595381
2340.1970-1989,0.182772193143295,-0.00632483998478496
2340.1970-1989,0.230387068597721,0.035811478632232
2340.1970-1989,0.228875745511323,-0.0997080325954712
2340.1970-1989,0.297014102685654,-0.488614865236317
2340.1970-1989,0.288608050359056,-0.486052521536634
2340.1970-1989,0.271380941094859,-0.467262001072288
2340.1970-1989,0.291808779641134,-0.501426583734734
2340.1970-1989,0.304183795936122,-0.479504309859665
2340.1970-1989,0.278827227088487,-0.516231236221794
2340.1970-1989,0.283541769227781,-0.573456912181392
2340.1970-1989,0.366143140704476,-0.600788578311349
2340.1970-1989,0.391022244514418,-0.626127310452663
2340.1970-1989,0.454582656782237,-0.746842169193306
2340.1970-1989,0.445214633571266,-0.776736179022946
2340.1990,0.549956156041345,-0.805776074286026
2340.1990,0.529784652814553,-0.828837167583177
2340.1990,0.546196354802909,-0.842218295792635
2340.1990,0.545743587234608,-0.855884128857614
2340.1990,0.573549346140644,-0.844780639492319
2340.1990,0.589104936909816,-0.813463105385076
2340.1990,0.613013595502243,-0.776166769311906
2340.1990,0.601956443564127,-0.751112742026112
2340.1990,0.600122460815438,-0.726343419595838
2340.1990,0.669579802042613,-0.67566595531321
2340.1990,0.648416380865442,-0.644063716350447
2340.1990,0.713760966286443,-0.619863803631214
2340.1990,0.689916331250965,-0.612746182243205
2340.1990,0.664129968298698,-0.589969793801574
2340.1990,0.755185249340561,-0.541285263507588
2340.1990,0.65990577169804,-0.49829483032401
2340.1990,0.780174311904241,-0.45416557771835
2340.1990,0.690664915874386,-0.396085787192192
2340.1990,0.682371081783817,-0.359928270541103
2340.1990,0.701211346624138,-0.384128183260336
2350.1950,-0.797690722023288,-0.628120244441306
2350.1950,-0.79769076329278,-0.6238496716085
2350.1950,-0.79769076329278,-0.624703786175061
2350.1950,-0.79769076329278,-0.580005123858361
2350.1950,-0.797690722023288,-0.585699220968768
2350.1950,-0.79769076329278,-0.635807275540356
2350.1950,-0.79769076329278,-0.680221233001536
2350.1950,-0.79769076329278,-0.709261128264615
2350.1950,-0.79769076329278,-0.736592794394572
2350.1950,-0.797690722023288,-0.761931526535887
2350.1950,-0.79769076329278,-0.783284390699915
2350.1950,-0.79769076329278,-0.774458540178784
2350.1950,-0.79769076329278,-0.768764443068376
2350.1950,-0.79769076329278,-0.748835103181949
2350.1950,-0.797690722023288,-0.74228689150498
2350.1950,-0.776501148731339,-0.74200218664946
2350.1950,-0.755198181147694,-0.738301023527695
2350.1950,-0.733777430616744,-0.729759877862083
2350.1950,-0.712234920377478,-0.716378749652625
2350.1950,-0.791733149726841,-0.755668019714438
2350.1950,-0.671112139562976,-0.77958322757815
2350.1950,-0.651492110522191,-0.785562029544078
2350.1950,-0.631698909106091,-0.784707914977517
2350.1950,-0.611726533136839,-0.777305588733987
2350.1950,-0.548589756120337,-0.726058714740318
2350.1950,-0.554507135302234,-0.744279825493623
2350.1950,-0.516673341702923,-0.687338854389546
2350.1950,-0.478012159841312,-0.710684652542217
2350.1950,-0.438460297012125,-0.694171770922035
2350.1950,-0.505299698319427,-0.703282326298687
2350.1950,-0.386993662771898,-0.629259063863387
2350.1950,-0.293726826855847,-0.633529636696193
2350.1950,-0.308456001794868,-0.605343855999675
2350.1950,-0.223646609253357,-0.559506374260893
2350.1950,-0.178923607101999,-0.49829483032401
2350.1950,-0.111965745271638,-0.632675522129632
2350.1950,0.0119997230809283,-0.615308525942888
2350.1950,-0.0229275495826474,-0.682498871845699
2350.1950,0.0592454134084698,-0.680221233001536
2350.1950-1969,0.236620168174062,-0.724350485607196
2350.1950-1969,0.222989891057664,-0.748835103181949
2350.1950-1969,0.149125016939457,-0.730044582717603
2350.1950-1969,0.21587619508537,-0.703851736009728
2350.1950-1969,0.249312346290483,-0.694741180633076
2350.1950-1969,0.22014898959979,-0.670541267913843
2350.1950-1969,0.249519548399834,-0.650611928027416
2350.1950-1969,0.290495697506862,-0.588546269523972
2350.1950-1969,0.344507013153759,-0.599934463744788
2350.1950-1969,0.355118210443299,-0.568616929637545
2350.1950-1969,0.286606691408227,-0.542139378074149
2350.1950-1969,0.40449812044272,-0.472386688471655
2350.1950-1969,0.39295797501691,-0.419716290200384
2350.1950-1969,0.400737596790158,-0.354234173430695
2350.1950-1969,0.444512522804012,-0.339429520943635
2350.1950-1969,0.452811044237537,-0.27622504301811
2350.1950-1969,0.458799637615373,-0.224978169024441
2350.1950-1969,0.468703125280002,-0.160065461965793
2350.1950-1969,0.461723588823637,-0.105117424850359
2350.1950-1969,0.482083610916209,-0.0413435372137923
2350.1970-1989,0.522810526188678,0.00278571539186736
2350.1970-1989,0.542458415407137,0.0995853662687982
2350.1970-1989,0.557686252169544,0.128055851820837
2350.1970-1989,0.58412045663445,0.170192170437854
2350.1970-1989,0.605725536365797,0.163359253905364
2350.1970-1989,0.616970587484228,0.150262830551427
2350.1970-1989,0.673097695286774,0.137451112053009
2350.1970-1989,0.681034711008823,0.111258265345134
2350.1970-1989,0.689824716777672,0.234820172640981
2350.1970-1989,0.70878201053903,0.271547099003111
2350.1970-1989,0.722707959299185,0.491908657175889
2350.1970-1989,0.743326884882693,0.624011710137347
2350.1970-1989,0.765813889337937,0.661308046210518
2350.1970-1989,0.877273550230281,0.587854193486258
2350.1970-1989,0.789229992503243,0.589562422619381
2350.1970-1989,0.801019878674438,0.649919851989702
2350.1970-1989,0.947175637948542,0.699458496850249
2350.1970-1989,0.837547150745709,0.720811361014278
2350.1970-1989,0.985976472524057,0.461729942490728
2350.1970-1989,0.857704899531591,0.453758206536157
2350.1990,0.870595350155763,0.568778968166393
2350.1990,0.998822516112493,0.7225195901474
2350.1990,0.901789557436991,0.862024969352389
2350.1990,1.04381427718957,0.948005835719545
2350.1990,0.92169049982815,0.976191616416063
2350.1990,0.934446688848124,0.977899845549186
2350.1990,1.081034261387,1.00523151167914
2350.1990,1.17454547263009,1.11996756845386
2350.1990,0.972170628907436,1.26374352049165
2350.1990,1.17618415552752,1.32780211298374
2350.1990,1.05540201424701,1.36025846651306
2350.1990,1.05159092893356,1.33349621009415
2350.1990,1.07092638808929,1.35456436940265
2350.1990,1.03237729865672,1.43285820467076
2350.1990,1.07886459055648,1.60823639567132
2350.1990,1.24798551854207,1.78446870123844
2350.1990,1.07068993241977,2.01422551964339
2350.1990,1.12053722125722,2.38320301239781
2350.1990,1.09972428071405,2.66079024653018
2350.1990,1.14278673979643,2.67474078445068
2360.1950-1969,0.0462398936693103,-0.777305588733987
2360.1950-1969,0.209694833818276,-0.782430276133354
2360.1950-1969,0.281959426408811,-0.810900761685393
2360.1950-1969,0.360847732829967,-0.810046647118832
2360.1950-1969,0.386031354359187,-0.81602544908476
2360.1950-1969,0.272373600977857,-0.803498435441863
2360.1950-1969,0.42268680595441,-0.793249060643129
2360.1950-1969,0.353881791347811,-0.780152637289191
2360.1950-1969,0.327456536971016,-0.759653887691723
2360.1950-1969,0.330871683983805,-0.77901381786711
2360.1950-1969,0.454526035510231,-0.790117307232405
2360.1950-1969,0.402041067962381,-0.775882064456385
2360.1950-1969,0.397214778424996,-0.746557464337786
2360.1950-1969,0.410802988213334,-0.745133940060184
2360.1950-1969,0.484901865168105,-0.733176336128328
2360.1950-1969,0.465012690733594,-0.710969357397738
2360.1950-1969,0.4454349449788,-0.722357551618553
2360.1950-1969,0.430955734435701,-0.696164704910678
2360.1950-1969,0.423299833577565,-0.689616493233709
2360.1950-1969,0.369231662833542,-0.680790642712577
2360.1970-1989,0.514163277908453,-0.65374368143814
2360.1970-1989,0.518916965553685,-0.630682588140989
2360.1970-1989,0.524840995518467,-0.599080349178226
2360.1970-1989,0.442295884411265,-0.561214603394015
2360.1970-1989,0.537445466022067,-0.51309948281107
2360.1970-1989,0.548380449256257,-0.471817278760614
2360.1970-1989,0.551279993114181,-0.424840977599751
2360.1970-1989,0.561201716116339,-0.334874243255309
2360.1970-1989,0.506262449690606,-0.233234609834532
2360.1970-1989,0.574003470821649,-0.121915011326061
2360.1970-1989,0.57229066614415,-0.00233897200749957
2360.1970-1989,0.54327603298074,0.0862042380593401
2360.1970-1989,0.595075087040205,0.0309714960883855
2360.1970-1989,0.543371648146093,-0.0530164362901281
2360.1970-1989,0.543199360851353,-0.0501693877349242
2360.1970-1989,0.6115438972913,-0.0362188498144254
2360.1970-1989,0.617048577642191,-0.0760775295872793
2360.1970-1989,0.561672176718217,-0.0575717139784543
2360.1970-1989,0.630384494857098,-0.0111648225286315
2360.1970-1989,0.63127038521868,0.0286938572442224
2360.1990,0.648222483287888,0.0309714960883855
2360.1990,0.656586149826417,0.0292632669552632
2360.1990,0.672454310884499,0.0187291873010089
2360.1990,0.747073737698595,0.0426443951647213
2360.1990,0.658455358912799,0.0526090651079347
2360.1990,0.658208200020922,0.0975924322801555
2360.1990,0.699269426729097,0.0682678321615559
2360.1990,0.699800681031827,0.0790866166713305
2360.1990,0.688165581042399,0.0571643427962609
2360.1990,0.680184980107868,0.00819510764675467
2360.1990,0.740380434725595,-0.0641199256554231
2360.1990,0.656877566523231,-0.0578564188339746
2360.1990,0.76299007642071,0.128055851820837
2360.1990,0.797148305517513,0.172469809282017
2360.1990,0.785235364613935,0.215175537610074
2360.1990,0.795733308402576,0.228271960964012
2360.1990,0.792782586437815,0.286921161201211
2360.1990,0.820396285301721,0.359236194503389
2360.1990,0.818488415596301,0.453188796825116
2360.1990,0.837276151208873,0.357527965370267
2370.1950,-0.685548336781743,-1.14941483489913
2370.1950,-0.68558445194011,-1.13090901929031
2370.1950,-0.685618543998088,-1.11439613767012
2370.1950,-0.685651819336881,-1.0958903220613
2370.1950,-0.685683538446188,-1.08820329096225
2370.1950,-0.685713818012655,-1.06599631223166
2370.1950,-0.685742580130194,-1.0400881703793
2370.1950,-0.685770408550796,-1.01958942078183
2370.1950,-0.685796485881163,-1.01702707708215
2370.1950,-0.682580892389107,-1.01503414309351
2370.1950,-0.679355701449937,-1.01275650424935
2370.1950,-0.676120756358828,-1.0093400459831
2370.1950,-0.672876597403155,-0.998805966328847
2370.1950,-0.669622332604318,-0.989695410952194
2370.1950,-0.66635827059443,-0.998236556617806
2370.1950,-0.663084679398611,-0.9646413836664
2370.1950,-0.659801095018657,-0.92022742620522
2370.1950,-0.656507248070404,-0.907415707706803
2370.1950,-0.653203636854444,-0.911116870828568
2370.1950,-0.649889838413371,-0.899728676607753
2370.1950,-0.646565775958021,-0.901721610596395
2370.1950,-0.643231487373305,-0.887486367820376
2370.1950,-0.639886705586936,-0.847627688047522
2370.1950,-0.636531317035413,-0.81602544908476
2370.1950,-0.633165739898667,-0.766486804224213
2370.1950,-0.629789404490563,-0.759084477980683
2370.1950,-0.62640250100712,-0.700150572887963
2370.1950,-0.623004765033379,-0.698442343754841
2370.1950,-0.619595858177535,-0.662000122248231
2370.1950,-0.616175970997524,-0.592247432645737
2370.1950,-0.612745442960353,-0.703282326298687
2370.1950,-0.609303710466132,-0.775597359600865
2370.1950,-0.605850662829935,-0.812324285962995
2370.1950,-0.602386414261646,-0.751112742026112
2370.1950,-0.598910480352152,-0.66826362906968
2370.1950,-0.59542305073017,-0.607906199699358
2370.1950,-0.591924239081583,-0.581713352991483
2370.1950,-0.588413711964171,-0.583990991835646
2370.1950,-0.584891360427631,-0.584560401546687
2370.1950,-0.581357001768737,-0.593386252067819
2370.1950,-0.577810898140594,-0.590823908368135
2370.1950,-0.616372081737712,-0.604774446288634
2370.1950,-0.631930910008073,-0.638084914384519
2370.1950,-0.627432542405408,-0.639223733806601
2370.1950,-0.587300912621411,-0.583990991835646
2370.1950,-0.566569546127871,-0.566623995648902
2370.1950,-0.53068885730853,-0.548118180040077
2370.1950,-0.45922079900834,-0.538153510096864
2370.1950,-0.463278874702203,-0.523633562465324
2370.1950,-0.458981319363963,-0.470109049627492
2370.1950-1969,-0.380882235406373,-0.410605734823732
2370.1950-1969,-0.449540070780942,-0.357081221985899
2370.1950-1969,-0.2295070216365,-0.329464851000422
2370.1950-1969,-0.348244096136825,-0.287613237238925
2370.1950-1969,-0.300512943241295,-0.285905008105803
2370.1950-1969,-0.189351965449751,-0.231241675845889
2370.1950-1969,-0.286181838049487,-0.20960410682634
2370.1950-1969,-0.335894454319075,-0.182841850407424
2370.1950-1969,-0.274193173833584,-0.213305269948105
2370.1950-1969,-0.257417087425767,-0.240921640933582
2370.1950-1969,-0.0958809639395724,-0.110526817105246
2370.1950-1969,-0.208240728680151,-0.03223298183714
2370.1950-1969,-0.0408937727730478,0.0309714960883855
2370.1950-1969,-0.14874807269902,0.0548867039520978
2370.1950-1969,0.0429751237147962,0.114390018755858
2370.1950-1969,0.000837298837769082,0.173039218993058
2370.1950-1969,-0.0164017928850958,0.261013019348856
2370.1950-1969,0.0402379635458885,0.280657654379763
2370.1950-1969,0.0626733681297312,0.214321423043513
2370.1950-1969,0.086971839104543,0.210050850210708
2370.1970-1989,0.112836550948729,0.290907029178497
2370.1970-1989,0.113472333813081,0.319092809875015
2370.1970-1989,0.179783436808765,0.325356316696463
2370.1970-1989,0.187105903584528,0.367777340169001
2370.1970-1989,0.162666755122503,0.41133718306362
2370.1970-1989,0.229084125437253,0.505289785385347
2370.1970-1989,0.242608628003745,0.480235758099553
2370.1970-1989,0.273385693845942,0.428419474394843
2370.1970-1989,0.25741732158353,0.379450239245337
2370.1970-1989,0.303330811057781,0.439238258904617
2370.1970-1989,0.257597694831714,0.476534594977788
2370.1970-1989,0.320043086562857,0.512407406773356
2370.1970-1989,0.363416194513404,0.469416973589778
2370.1970-1989,0.385041878707877,0.173039218993058
2370.1970-1989,0.363868306374817,0.210050850210708
2370.1970-1989,0.4290632427,0.205780277377902
2370.1970-1989,0.451251964343805,0.332758642939993
2370.1970-1989,0.477815750215735,0.444362946303984
2370.1970-1989,0.482080433661144,0.251048349405643
2370.1970-1989,0.521995187772937,0.0110421562019585
2370.1990,0.523487008746346,-0.092875116062982
2370.1990,0.606317030285466,-0.0880351335191354
2370.1990,0.605937431947673,-0.120491487048459
2370.1990,0.61681331767951,-0.0752234150207181
2370.1990,0.569820937362097,0.0682678321615559
2370.1990,0.658160129147793,0.155672222806314
2370.1990,0.682509665706597,0.176170972403782
2370.1990,0.712589841570222,0.258165970793653
2370.1990,0.613438399477693,0.229410780386094
2370.1990,0.65844401544367,0.234535467785461
2370.1990,0.818014083856678,0.261013019348856
2370.1990,0.794577445478787,0.253041283394286
2370.1990,0.767543845945316,0.328203365251667
2370.1990,0.749802493886855,0.384574926644703
2370.1990,0.841105536708862,0.458313484224483
2370.1990,0.85929333641006,0.560807232211822
2370.1990,0.874591224826583,0.694618514306403
2370.1990,0.895215139954838,0.858893215941665
2370.1990,0.863870546629385,1.05106899341792
2370.1990,0.862316190755184,1.05761720509489
2460.1950,-0.787058259215495,-0.493739552635684
2460.1950,-0.747057967238763,-0.452457348585228
2460.1950,-0.706275071071302,-0.314944903368882
2460.1950,-0.664653953201856,-0.314944903368882
2460.1950,-0.622131799577837,-0.314944903368882
2460.1950,-0.524342141617575,-0.493739552635684
2460.1950,-0.50646084451754,-0.369892940484317
2460.1950,-0.492853184976023,-0.301279070303904
2460.1950,-0.400334618382533,-0.218145252491951
2460.1950,-0.332273999631436,-0.218145252491951
2460.1950,-0.31731449598466,-0.176863048441496
2460.1950,-0.302235012169759,-0.176863048441496
2460.1950,-0.364901130744538,0.0155974338902847
2460.1950,-0.328520473960753,-0.0806328072756054
2460.1950,-0.312546609916974,-0.383843478404815
2460.1950,-0.240640924361035,-0.452457348585228
2460.1950,-0.365942950259034,-0.480073719570705
2460.1950,-0.209021653160673,-0.34256127435436
2460.1950,-0.349397835982994,-0.34256127435436
2460.1950,-0.305166773270986,-0.149816087167059
2460.1950,-0.160462173283073,-0.43879151552025
2460.1950,-0.211072810629509,-0.452457348585228
2460.1950,-0.183803618102803,-0.356227107419338
2460.1950,-0.110417039077305,-0.287328532383405
2460.1950,-0.16253369361733,-0.245761623477429
2460.1950,-0.076147300597715,-0.259996866253448
2460.1950,-0.0587192553810093,-0.163197215376517
2460.1950,-0.103936316123939,-0.0117342322396723
2460.1950,-0.0824251886283809,0.0155974338902847
2460.1950,-0.00516771456971883,0.0019316008253062
2460.1950,-0.0411607009826218,0.235958992063063
2460.1950,0.0316796260397433,-0.0806328072756054
2460.1950,0.0504777153202341,-0.191098291217515
2460.1950,-0.0135187071252725,-0.287328532383405
2460.1950,0.0888804408773107,-0.121915011326061
2460.1950,0.108510980555194,-0.0942986403405839
2460.1950,0.0626056703753295,-0.0942986403405839
2460.1950,0.0445103219288779,-0.0530164362901281
2460.1950,0.0639026924957368,0.043213804875762
2460.1950,0.131083266808643,0.0571643427962609
2460.1950,0.123541431348239,-0.0393506032251496
2460.1950,0.159464969628966,0.0295479718107835
2460.1950,0.179835133978037,-0.0806328072756054
2460.1950,0.182634320279915,-0.121915011326061
2460.1950,0.214874464802267,0.0571643427962609
2460.1950,0.241119440998137,0.0844960089262178
2460.1950,0.283284271457963,0.222577863853605
2460.1950,0.281676292745002,0.181010954947628
2460.1950,0.313972067079939,0.208342621077585
2460.1950,0.367405005512101,0.401372513120406
2460.1950-1969,0.427047819080314,0.539169663192273
2460.1950-1969,0.437376953233799,0.690917351184638
2460.1950-1969,0.603397628978389,0.635399904358163
2460.1950-1969,0.468646839199821,0.828145091545463
2460.1950-1969,0.495616331491762,0.897328371436917
2460.1950-1969,0.48410909231422,0.869712000451439
2460.1950-1969,0.516265739978369,0.883662538371938
2460.1950-1969,0.504725871528126,0.869712000451439
2460.1950-1969,0.533472201417426,0.75924651650953
2460.1950-1969,0.510557261116901,0.66301627534364
2460.1950-1969,0.620754371348514,0.717964312459074
2460.1950-1969,0.630081815499096,0.745580683444552
2460.1950-1969,0.570441621668836,0.676682108408618
2460.1950-1969,0.572461152166904,0.66301627534364
2460.1950-1969,0.571135225370974,0.676682108408618
2460.1950-1969,0.651701253921587,0.676682108408618
2460.1950-1969,0.653003122671466,0.732199555235094
2460.1950-1969,0.633591010472127,0.621734071293184
2460.1950-1969,0.653710014365028,0.635399904358163
2460.1950-1969,0.622149794610737,0.745580683444552
2460.1970-1989,0.595246197397109,0.828145091545463
2460.1970-1989,0.657272896900588,0.800528720559986
2460.1970-1989,0.63859206596049,0.717964312459074
2460.1970-1989,0.6111955906472,0.786862887495007
2460.1970-1989,0.630524309053229,0.869712000451439
2460.1970-1989,0.675810151509899,0.979892779537828
2460.1970-1989,0.647393102710684,1.06245718763874
2460.1970-1989,0.658832131810091,1.09007355862422
2460.1970-1989,0.704315829143409,1.24182124661658
2460.1970-1989,0.68693310758227,1.37933369183293
2460.1970-1989,0.6683423457083,1.54446250803475
2460.1970-1989,0.712184907862261,1.57207887902023
2460.1970-1989,0.737184778301003,1.26886820789102
2460.1970-1989,0.736209865438797,1.09007355862422
2460.1970-1989,0.781032476979284,1.04879135457376
2460.1970-1989,0.772270615570652,1.07612302070372
2460.1970-1989,0.804156235022808,1.28310345066704
2460.1970-1989,0.765858752647858,1.47584863785434
2460.1970-1989,0.762491162136025,1.46189809993384
2460.1970-1989,0.789441719612808,1.47584863785434
2460.1990,0.752199742638661,1.47584863785434
2460.1990,0.824445480223365,1.55585070225557
2460.1990,0.83130097001249,1.77336521187314
2460.1990,0.875856428845895,1.83941673835387
2460.1990,0.953017330569852,2.0563618382604
2460.1990,0.898538456887821,1.98490091952479
2460.1990,0.867404727792068,2.14632857260485
2460.1990,0.886216028338924,2.30747152082938
2460.1990,0.933017025915738,2.45494863598894
2460.1990,0.8769397793693,2.34249021805839
2460.1990,0.908159298662185,2.2573634662578
2460.1990,0.980890824131068,2.09052642092285
2460.1990,0.929031387952736,1.78760045464916
2460.1990,0.983746959417779,1.79870394401446
2460.1990,0.955367376668203,1.94561164946297
2460.1990,1.03957290099597,2.17394494359032
2460.1990,1.05739467823233,2.30690211111834
2460.1990,0.997376873663864,2.52100016246967
2460.1990,1.08721171280053,2.7755263033049
2460.1990,1.05715162811189,2.85353543371748
2470.1950,-0.678493680499521,-0.768195033357335
2470.1950,-0.671827241202737,-0.75737624884756
2470.1950,-0.665145061244399,-0.642070782361805
2470.1950,-0.658446520829386,-0.620433213342255
2470.1950,-0.651731617540719,-0.625842605597143
2470.1950,-0.673686756782833,-0.63125199785203
2470.1950,-0.623134984965627,-0.707837603987013
2470.1950,-0.601034881962145,-0.625842605597143
2470.1950,-0.578691297678024,-0.593101547212298
2470.1950,-0.509649590585411,-0.428826845577036
2470.1950,-0.713780969554877,-0.346547142331645
2470.1950,-0.502812024842319,-0.351956534586532
2470.1950,-0.51887157569259,-0.236935772956297
2470.1950,-0.491073144473514,-0.166044263931721
2470.1950,-0.388081480435993,-0.100277442306512
2470.1950,-0.242727870936371,-0.138427892946244
2470.1950,-0.310704664455781,-0.318930771346168
2470.1950,-0.276148742767066,-0.198785322316565
2470.1950,-0.240789308896485,-0.100277442306512
2470.1950,-0.253495402259128,0.195530902579168
2470.1950,-0.227253135905091,0.436675915204934
2470.1950,-0.1523718076778,0.392546662599274
2470.1950,-0.0920690849590336,0.737608947489981
2470.1950,-0.0253795008102886,0.770634710730345
2470.1950-1969,-0.0310136751910228,0.951137589130269
2470.1950-1969,0.0968411902963775,1.11541229076553
2470.1950-1969,0.146904756614999,1.19228260175604
2470.1950-1969,0.182077557175898,1.24666122916043
2470.1950-1969,0.198082199071818,1.39470775403103
2470.1950-1969,0.195955629466547,1.53165078953633
2470.1950-1969,0.252693733053068,1.71243837279178
2470.1950-1969,0.246231926006606,1.93650109408632
2470.1950-1969,0.295202287678559,1.84881199858604
2470.1950-1969,0.335042102317723,1.98063034669198
2470.1950-1969,0.297757167098224,1.99144913120176
2470.1950-1969,0.413534673089464,2.0241901895866
2470.1950-1969,0.358740719166711,2.19985308544268
2470.1950-1969,0.36752808085359,2.30917974996251
2470.1950-1969,0.412401957984379,2.53324247125705
2470.1950-1969,0.404443779105045,2.62662566386774
2470.1950-1969,0.402200792103332,2.57737172386271
2470.1950-1969,0.450973913036151,2.59900929288226
2470.1950-1969,0.461666878079249,2.67587960387276
2470.1950-1969,0.481567942964088,2.71431475936801
2470.1970-1989,0.482926543426507,2.89481763776794
2470.1970-1989,0.521220022396163,2.86720126678246
2470.1970-1989,0.500041835072056,2.8509730900178
2470.1970-1989,0.494283091544093,2.96627855650355
2470.1970-1989,0.574354530707253,3.08101461327827
2470.1970-1989,0.589460206104313,3.20685415941828
2470.1970-1989,0.525798443363758,3.43148629042386
2470.1970-1989,0.621290886688859,3.57924811043894
2470.1970-1989,0.628460696877395,3.51889068106862
2470.1970-1989,0.640184184647168,3.42038280105857
2470.1970-1989,0.563082061124598,3.17411310103343
2470.1970-1989,0.64580700326512,3.02606657616283
2470.1970-1989,0.658825695926048,2.93296808840767
2470.1970-1989,0.683782052137914,2.57196233160782
2470.1970-1989,0.693904155771423,2.41309702222745
2470.1970-1989,0.702113694129718,2.31999853447228
2470.1970-1989,0.713339096876318,2.45694156997759
2470.1970-1989,0.726738357651546,2.48968262836243
2470.1970-1989,0.731454370083319,2.61552217450244
2470.1970-1989,0.699016498570798,2.17195200960168
2470.1990,0.746428489162089,2.31458914221739
2470.1990,0.755405765471869,2.60612691427027
2470.1990,0.766310164818017,2.78463685868155
2470.1990,0.768696666423797,2.72541824873331
2470.1990,0.774817348973799,2.56456000536429
2470.1990,0.807513680255427,2.65538085427529
2470.1990,0.787777572129476,2.58819050837248
2470.1990,0.796890798301735,2.78235921983739
2470.1990,0.803792715395793,2.73822996723173
2470.1990,0.813061696175966,2.43359577182491
2470.1990,0.8391747597413,2.52584014501352
2470.1990,0.825982079116483,2.61267512594724
2470.1990,0.847915453245175,2.20213072428684
2470.1990,0.781129402700572,1.88098364725985
2470.1990,0.857565800901879,2.44612278546781
2470.1990,0.849266519756275,2.7965944626134
2470.1990,0.849178122344388,3.16955782334511
2470.1990,0.871077153106374,3.49184371979418
2470.1990,0.82908669990121,3.67206189333859
2470.1990,0.852498210875916,3.45113092545477
